cve_id,cvss_base_score,severity_band,cvss_vector,component,is_severity_unlisted
CVE-2012-0868,,,,,true
CVE-2017-7484,,,,,true
CVE-2022-41862,3.7,LOW,AV:N/AC:H/PR:N/UI:N/S:U/C:L/I:N/A:N,client,false
CVE-2023-2454,7.2,HIGH,AV:N/AC:L/PR:H/UI:N/S:U/C:H/I:H/A:H,core server,false
CVE-2023-2455,4.2,MEDIUM,AV:N/AC:H/PR:L/UI:N/S:U/C:L/I:L/A:N,core server,false
CVE-2023-39417,7.5,HIGH,AV:N/AC:H/PR:L/UI:N/S:U/C:H/I:H/A:H,core server,false
CVE-2023-39418,3.1,LOW,AV:N/AC:H/PR:L/UI:N/S:U/C:N/I:L/A:N,core server,false
CVE-2023-5868,4.3,MEDIUM,AV:N/AC:L/PR:L/UI:N/S:U/C:L/I:N/A:N,core server,false
CVE-2023-5869,8.8,HIGH,AV:N/AC:L/PR:L/UI:N/S:U/C:H/I:H/A:H,core server,false
CVE-2023-5870,2.2,LOW,AV:N/AC:H/PR:H/UI:N/S:U/C:N/I:N/A:L,core server,false
CVE-2024-0985,8.0,HIGH,AV:N/AC:L/PR:L/UI:R/S:U/C:H/I:H/A:H,core server,false
CVE-2024-10976,4.2,MEDIUM,AV:N/AC:H/PR:L/UI:N/S:U/C:L/I:L/A:N,core server,false
CVE-2024-10977,3.1,LOW,AV:N/AC:H/PR:N/UI:R/S:U/C:N/I:L/A:N,client,false
CVE-2024-10978,4.2,MEDIUM,AV:N/AC:H/PR:L/UI:N/S:U/C:L/I:L/A:N,core server,false
CVE-2024-10979,8.8,HIGH,AV:N/AC:L/PR:L/UI:N/S:U/C:H/I:H/A:H,core server,false
CVE-2024-4317,3.1,LOW,AV:N/AC:H/PR:L/UI:N/S:U/C:L/I:N/A:N,core server,false
CVE-2024-7348,8.8,HIGH,AV:N/AC:L/PR:L/UI:N/S:U/C:H/I:H/A:H,core server,false
CVE-2025-1094,8.1,HIGH,AV:N/AC:H/PR:N/UI:N/S:U/C:H/I:H/A:H,core server,false
CVE-2025-12817,3.1,LOW,AV:N/AC:H/PR:L/UI:N/S:U/C:N/I:N/A:L,core server,false
CVE-2025-12818,5.9,MEDIUM,AV:N/AC:H/PR:N/UI:N/S:U/C:N/I:N/A:H,core server,false
CVE-2025-4207,5.9,MEDIUM,AV:N/AC:H/PR:N/UI:N/S:U/C:N/I:N/A:H,core server,false
CVE-2025-8713,3.1,LOW,AV:N/AC:H/PR:L/UI:N/S:U/C:L/I:N/A:N,core server,false
CVE-2025-8714,8.8,HIGH,AV:N/AC:L/PR:N/UI:R/S:U/C:H/I:H/A:H,core server,false
CVE-2025-8715,8.8,HIGH,AV:N/AC:L/PR:N/UI:R/S:U/C:H/I:H/A:H,core server,false
CVE-2026-14662,8.8,HIGH,AV:N/AC:L/PR:L/UI:N/S:U/C:H/I:H/A:H,core server,false
CVE-2026-14663,6.5,MEDIUM,AV:N/AC:L/PR:N/UI:N/S:U/C:L/I:L/A:N,contrib module,false
CVE-2026-14664,8.8,HIGH,AV:N/AC:L/PR:L/UI:N/S:U/C:H/I:H/A:H,core server,false
CVE-2026-14666,4.2,MEDIUM,AV:N/AC:H/PR:L/UI:N/S:U/C:L/I:L/A:N,core server,false
CVE-2026-14668,8.1,HIGH,AV:N/AC:L/PR:L/UI:N/S:U/C:H/I:N/A:H,core server,false
CVE-2026-14669,8.8,HIGH,AV:N/AC:L/PR:L/UI:N/S:U/C:H/I:H/A:H,core server,false
CVE-2026-14670,8.8,HIGH,AV:N/AC:L/PR:L/UI:N/S:U/C:H/I:H/A:H,core server,false
CVE-2026-14671,8.8,HIGH,AV:N/AC:L/PR:L/UI:N/S:U/C:H/I:H/A:H,contrib module,false
CVE-2026-14672,5.3,MEDIUM,AV:N/AC:L/PR:N/UI:N/S:U/C:L/I:N/A:N,core server,false
CVE-2026-14673,3.8,LOW,AV:N/AC:L/PR:H/UI:N/S:U/C:L/I:L/A:N,contrib module,false
CVE-2026-14676,8.8,HIGH,AV:N/AC:L/PR:L/UI:N/S:U/C:H/I:H/A:H,contrib module,false
CVE-2026-14677,8.8,HIGH,AV:N/AC:L/PR:L/UI:N/S:U/C:H/I:H/A:H,core server,false
CVE-2026-14678,4.3,MEDIUM,AV:N/AC:L/PR:L/UI:N/S:U/C:L/I:N/A:N,contrib module,false
CVE-2026-14679,8.2,HIGH,AV:N/AC:L/PR:N/UI:N/S:U/C:N/I:L/A:H,core server,false
CVE-2026-14680,8.8,HIGH,AV:N/AC:L/PR:L/UI:N/S:U/C:H/I:H/A:H,core server,false
CVE-2026-14681,4.2,MEDIUM,AV:N/AC:H/PR:L/UI:N/S:U/C:L/I:L/A:N,core server,false
CVE-2026-15741,8.8,HIGH,AV:N/AC:L/PR:N/UI:R/S:U/C:H/I:H/A:H,core server,false
CVE-2026-15742,8.8,HIGH,AV:N/AC:L/PR:L/UI:N/S:U/C:H/I:H/A:H,contrib module,false
CVE-2026-16238,8.8,HIGH,AV:N/AC:L/PR:L/UI:N/S:U/C:H/I:H/A:H,core server,false
CVE-2026-16239,8.8,HIGH,AV:N/AC:L/PR:L/UI:N/S:U/C:H/I:H/A:H,core server,false
CVE-2026-16241,3.8,LOW,AV:N/AC:L/PR:H/UI:N/S:U/C:N/I:L/A:L,client,false
CVE-2026-18024,4.3,MEDIUM,AV:N/AC:L/PR:L/UI:N/S:U/C:L/I:N/A:N,core server,false
CVE-2026-18408,8.8,HIGH,AV:N/AC:L/PR:N/UI:R/S:U/C:H/I:H/A:H,client,false
CVE-2026-19385,8.8,HIGH,AV:N/AC:L/PR:L/UI:N/S:U/C:H/I:H/A:H,client,false
CVE-2026-2003,4.3,MEDIUM,AV:N/AC:L/PR:L/UI:N/S:U/C:L/I:N/A:N,core server,false
CVE-2026-2004,8.8,HIGH,AV:N/AC:L/PR:L/UI:N/S:U/C:H/I:H/A:H,contrib module,false
CVE-2026-2005,8.8,HIGH,AV:N/AC:L/PR:L/UI:N/S:U/C:H/I:H/A:H,contrib module,false
CVE-2026-2006,8.8,HIGH,AV:N/AC:L/PR:L/UI:N/S:U/C:H/I:H/A:H,core server,false
CVE-2026-2007,8.2,HIGH,AV:N/AC:L/PR:N/UI:N/S:U/C:N/I:L/A:H,contrib module,false
CVE-2026-6464,8.1,HIGH,AV:N/AC:H/PR:N/UI:N/S:U/C:H/I:H/A:H,client,false
CVE-2026-6469,3.8,LOW,AV:N/AC:L/PR:H/UI:N/S:U/C:N/I:L/A:L,core server,false
CVE-2026-6470,4.3,MEDIUM,AV:N/AC:L/PR:L/UI:N/S:U/C:N/I:N/A:L,core server,false
CVE-2026-6471,7.2,HIGH,AV:N/AC:L/PR:H/UI:N/S:U/C:H/I:H/A:H,core server,false
CVE-2026-6472,5.4,MEDIUM,AV:N/AC:L/PR:L/UI:N/S:U/C:L/I:L/A:N,core server,false
CVE-2026-6473,8.8,HIGH,AV:N/AC:L/PR:L/UI:N/S:U/C:H/I:H/A:H,core server,false
CVE-2026-6474,4.3,MEDIUM,AV:N/AC:L/PR:L/UI:N/S:U/C:L/I:N/A:N,core server,false
CVE-2026-6475,8.8,HIGH,AV:N/AC:L/PR:N/UI:R/S:U/C:H/I:H/A:H,client,false
CVE-2026-6476,7.2,HIGH,AV:N/AC:L/PR:H/UI:N/S:U/C:H/I:H/A:H,client,false
CVE-2026-6477,8.8,HIGH,AV:N/AC:L/PR:N/UI:R/S:U/C:H/I:H/A:H,client,false
CVE-2026-6478,6.5,MEDIUM,AV:N/AC:L/PR:N/UI:N/S:U/C:L/I:L/A:N,core server,false
CVE-2026-6479,7.5,HIGH,AV:N/AC:L/PR:N/UI:N/S:U/C:N/I:N/A:H,core server,false
CVE-2026-6575,4.3,MEDIUM,AV:N/AC:L/PR:L/UI:N/S:U/C:L/I:N/A:N,core server,false
CVE-2026-6637,8.8,HIGH,AV:N/AC:L/PR:L/UI:N/S:U/C:H/I:H/A:H,contrib module,false
CVE-2026-6638,3.7,LOW,AV:N/AC:H/PR:L/UI:R/S:U/C:L/I:L/A:N,core server,false
