dim_version_key,dim_major_key,dim_release_key,version,major,minor,is_major_release,wrap_dt,release_dt,item_cnt,is_out_of_band,first_commit_dt,first_commit_ts,first_commit_hash,last_commit_dt,last_commit_ts,last_commit_hash,is_synthetic_row
0010fd5f39a1861d79baf70fcf02506c,9bf31c7ff062936a96d3c8bd1f8f2ff3,5d3fad531dd3ceed47b48db21b213987,15.12,15,12,false,2025-02-17,2025-02-20,1,true,2025-02-12,2025-02-11 20:37:59-10,9efd78ef6b091904d05db16eacc7c61540087118,2025-02-17,2025-02-17 11:14:22-10,50d3d22baba63613d1f1406b2ed460dc9b03c3fc,false
038a8a50b863780fe4a43b7a263bb12b,aab3238922bcc25a6f606eb525ffdc56,5d7b9adcbe1c629ec722529dd12e5129,14.0,14,0,true,2021-09-27,2021-09-30,193,false,2020-06-07,2020-06-07 11:16:30-10,d10b19e224c2ead10b59382f695f0c2bd65039fa,2021-09-27,2021-09-27 10:57:41-10,86a4dc1e6f29d1992a2afa3fac1a0b0a6e84568c,false
04772832e08a8926945bc7be30b9af20,c74d97b01eae257e44aa9d5bade97baf,c6d9135a49bdef377840c6e9b647981b,16.11,16,11,false,2025-11-10,2025-11-13,59,false,2025-08-13,2025-08-12 18:11:51-10,327bd6111aede2a41f8891d2cd2501c773bc047e,2025-11-10,2025-11-10 11:55:22-10,d61dd817be70749d14e982a369e97fdda9d5cba6,false
051b1a9b94d19e0c8c377c46b4804245,70efdf2ec9b086079795c442636b55fb,941e22d8a4f291e3ef640e97c4354a02,17.1,17,1,false,2024-11-11,2024-11-14,41,false,2024-09-24,2024-09-24 11:21:38-10,923a71584fd7efb5302cb8bf5a5bd417b531123f,2024-11-11,2024-11-11 12:42:37-10,91f20bc2f7e4fcf5de5c65a6cb1190e0afa91c0b,false
06b32425c4ae524b3d55790605d1d1e6,9bf31c7ff062936a96d3c8bd1f8f2ff3,e689c36b2ed92991eecb44650ef67992,15.1,15,1,false,2022-11-07,2022-11-10,26,false,2022-10-11,2022-10-11 12:24:14-10,07ce6769824c4081208122ae3c1b38812e4715ed,2022-11-07,2022-11-07 11:36:53-10,c5dc80c1bc216f0e21a2f79f5e0415c2d4cfb35d,false
09a67f2a8fe713d707868e595c762f4c,70efdf2ec9b086079795c442636b55fb,33136a96e9bc3dc6b8eb26e468436406,17.10,17,10,false,2026-05-11,2026-05-14,58,false,2026-02-24,2026-02-24 12:01:46-10,ad7fc3f1f83f776812af27dbb747642dc88bba78,2026-05-11,2026-05-11 09:46:41-10,25c49f3a4a742ba283f5cc43cc7f1d361552e917,false
0ae2a5021f14831561936b6bfe61d163,c74d97b01eae257e44aa9d5bade97baf,4864ec4775ef5c58b98d9f148c2e9869,16.7,16,7,false,2025-02-10,2025-02-13,55,false,2024-11-19,2024-11-19 13:26:19-10,f286f64bcf01106fc08ea1c14252ae2c26b7d189,2025-02-10,2025-02-10 13:23:16-10,61f3dcf2d9f7e2957753a00a5d932eca98b36f64,false
0b08152bf09f3f1a03e7826d58a031e7,c20ad4d76fe97759aa27a0c99bff6710,1f43afe79c4f5f90d2e555ef65ec2716,12.14,12,14,false,2023-02-06,2023-02-09,36,false,2022-11-08,2022-11-08 13:25:03-10,2cc7ed28f58291a15437dfff17fb01cecc5b1986,2023-02-06,2023-02-06 11:45:00-10,533cc39b750bd7600e8e2e5cab819a27f1717960,false
0d998bc4651f6fd369c0003196851247,aab3238922bcc25a6f606eb525ffdc56,7cdc36d758eec2751448266bca67920f,14.4,14,4,false,2022-06-13,2022-06-16,19,true,2022-05-10,2022-05-10 12:42:02-10,12736e7dc326c404ae0f12ebdf5d1dbb954ec5f6,2022-06-13,2022-06-13 10:04:05-10,164d174bbf9a3aba719c845497863cd3c49a3ad0,false
1167923154de4dc45df2119c4dfb16d1,1f0e3dad99908345f7439f8ffabdffc4,1167923154de4dc45df2119c4dfb16d1,19.0,19,0,true,9999-01-01,9999-01-01,,false,2025-06-30,2025-06-29 16:28:10-10,2652835d3efa003439ecc23d5fc3cf089c5952a6,2026-09-14,2026-09-13 18:05:02-10,17d84c2b67f38cc3fc8b868c668297d59a299d97,false
125dcaf4533b218d3c5dfe19e4aa8a35,6f4922f45568161a8cdf4ad2299f6d23,5d7b9adcbe1c629ec722529dd12e5129,18.0,18,0,true,2025-09-22,2025-09-25,199,false,2024-06-30,2024-06-30 12:56:10-10,e26810d01d441a457217a6eae9c2989fba29b80f,2025-09-22,2025-09-22 10:11:33-10,3d6a828938a5fa0444275d3d2f67b64ec3199eb7,false
1383c2b19889c144c1c67203d8f7d201,70efdf2ec9b086079795c442636b55fb,cef63e90a9cb8fd660c730931ca1e05c,17.8,17,8,false,2026-02-09,2026-02-12,52,false,2025-11-12,2025-11-11 14:02:32-10,f6c1342e72aa72b2490da30491b6003d7ab25095,2026-02-09,2026-02-09 11:51:54-10,6af885119b52a2a6229959670ba3ae5e36bf9806,false
150d781e4adfcbe67f852044afd698ce,c51ce410c124a10e0db5e4b97fc2af39,14d8b6c36187f5adc35e95280a91c9cb,13.11,13,11,false,2023-05-08,2023-05-11,55,false,2023-02-08,2023-02-07 18:09:49-10,1e4fda6da918f734dd6dab67b3ddcaba4c2fecb2,2023-05-08,2023-05-08 11:17:31-10,2faab87390b03929a8cbb5a9336a04faa45a27c5,false
16402ca791d11cef64da88b7dada6b71,9bf31c7ff062936a96d3c8bd1f8f2ff3,ad89edc9dc5c9a74a8d3f9e6941f425d,15.6,15,6,false,2024-02-05,2024-02-08,60,false,2023-11-08,2023-11-07 19:06:39-10,7e18c0bd63aecb9fc4ee2e8aaf537d4952bd0197,2024-02-05,2024-02-05 11:43:21-10,496a1dc44bf1261053da9b3f7e430769754298b4,false
168feb6d180e3f3b33024aa3cc51ab0d,c74d97b01eae257e44aa9d5bade97baf,9913f136f555e8d180895e7b13f3cc29,16.6,16,6,false,2024-11-18,2024-11-21,8,true,2024-11-11,2024-11-11 13:53:40-10,b242aba02666db82390fdb5a4734efde77156f61,2024-11-18,2024-11-18 10:33:54-10,1f47e7b59b92c58eee6840325d1aaa6acee84194,false
1797985fd1bbfa2cf9e6868d51f24c43,aab3238922bcc25a6f606eb525ffdc56,9913f136f555e8d180895e7b13f3cc29,14.15,14,15,false,2024-11-18,2024-11-21,7,true,2024-11-11,2024-11-11 13:54:35-10,247e7647f598d541775a77057df15fd32651566a,2024-11-18,2024-11-18 10:37:40-10,4f5b14879d8271a73786105bf8aafda347dd7aea,false
195863009ffa903e83ad7fd7e7db63b1,c20ad4d76fe97759aa27a0c99bff6710,5d7b9adcbe1c629ec722529dd12e5129,12.0,12,0,true,2019-09-30,2019-10-03,157,false,2018-06-30,2018-06-30 06:47:59-10,feced1387f07c3fa6c47d36a68962750e6065486,2019-09-30,2019-09-30 10:06:55-10,ad1f2885b8c82e0c2d56d7974f012cbecce17a17,false
1b7f864ac7a422c1a24c720d543e7e0f,70efdf2ec9b086079795c442636b55fb,9913f136f555e8d180895e7b13f3cc29,17.2,17,2,false,2024-11-18,2024-11-21,8,true,2024-11-11,2024-11-11 13:51:20-10,a6fa869cfa4e8f0226f22f717f5b0aa5eed60588,2024-11-18,2024-11-18 10:32:12-10,6304632eaa2107bb1763d29e213ff166ff6104c0,false
1c3a739a028605317ee2ae5bc10bba87,c20ad4d76fe97759aa27a0c99bff6710,740c1e0f22c109481cb0da8abe660ae0,12.19,12,19,false,2024-05-06,2024-05-09,35,false,2024-02-09,2024-02-09 00:55:43-10,d44060cfcc49d512da1ae9b1b846385748e46d04,2024-05-06,2024-05-06 10:27:39-10,01aeb431c12a3388594a445ca97e71cbed410ed2,false
1dc2d73f98ddb1c35143d151aa3a4738,6f4922f45568161a8cdf4ad2299f6d23,33136a96e9bc3dc6b8eb26e468436406,18.4,18,4,false,2026-05-11,2026-05-14,74,false,2026-02-24,2026-02-24 12:01:41-10,1b2773179f31b25bc560e06a35970fdd9b1a6d90,2026-05-11,2026-05-11 09:44:35-10,f5cc81719e6da4cbdb1f797c48b693e91018153a,false
1fd62a4d26c471605543e9b09f638505,c20ad4d76fe97759aa27a0c99bff6710,9a9b07da41bc7c7dcffbecd2fec341cf,12.2,12,2,false,2020-02-10,2020-02-13,75,false,2019-11-13,2019-11-12 17:04:31-10,5f2cfe7f5fbd90f0d6ffef26c90808f4bd3e1d51,2020-02-10,2020-02-10 12:14:51-10,45b88269a353ad93744772791feb6d01bc7e1e42,false
20f8cdf1799e759baae01e901f2280d8,c51ce410c124a10e0db5e4b97fc2af39,4864ec4775ef5c58b98d9f148c2e9869,13.19,13,19,false,2025-02-10,2025-02-13,45,false,2024-11-19,2024-11-19 13:26:19-10,6b66dba3f8d8b5f9fc761749e5f0643829f09307,2025-02-10,2025-02-10 13:28:20-10,bf5710d3b6656516d828ebe9f6e2ffd49e54d084,false
2204cf5062c063e64472cb32c34ecf0b,aab3238922bcc25a6f606eb525ffdc56,33136a96e9bc3dc6b8eb26e468436406,14.23,14,23,false,2026-05-11,2026-05-14,38,false,2026-02-24,2026-02-24 12:01:58-10,c47744ede01c45dcf73c420a4fc393965909c8ab,2026-05-11,2026-05-11 09:51:39-10,4e1a23c0ea0be0214c6806baa212886cee8f14a6,false
220d942745ad5e6085f7db72ae704359,c51ce410c124a10e0db5e4b97fc2af39,745f1c86e5cdd8936f605bfc2f720903,13.21,13,21,false,2025-05-05,2025-05-08,28,false,2025-02-19,2025-02-18 14:46:00-10,e9c95c6d3616f4c106df763067fc40b0ca6efbd4,2025-05-05,2025-05-05 10:34:49-10,8b3c5d9f5299666e2c548cc6e18d837d52f2ab2e,false
228716ca9a4d2a6bd72a8af2a10edcca,9bf31c7ff062936a96d3c8bd1f8f2ff3,086ceaa75240d0c8218ee8cd31103e84,15.4,15,4,false,2023-08-07,2023-08-10,47,false,2023-05-10,2023-05-09 16:24:40-10,ccd21e1cfa11fa4f39d01d95cf119beae9cf4d20,2023-08-07,2023-08-07 10:08:18-10,83ed1f71c88ae948a5b6ec6d2a4802cc54470102,false
25cf71c55b2ae9588d29ca092d89b572,c74d97b01eae257e44aa9d5bade97baf,40101526bfeb6f95bd7ee528cc8bffe0,16.13,16,13,false,2026-02-23,2026-02-26,6,true,2026-02-11,2026-02-11 00:25:07-10,1d8549e22a76612f0a8aa12dcd2b5a101fcd335c,2026-02-23,2026-02-23 12:00:20-10,776479eed63aac4185e57adaf7db1ce0810a4d3e,false
269bacf82d1df4c24e192a1988b45e43,c74d97b01eae257e44aa9d5bade97baf,b1036aa132d59c6301b245e14d25cebd,16.10,16,10,false,2025-08-11,2025-08-14,59,false,2025-05-09,2025-05-09 05:50:33-10,27fbf7cb63911ee2bffdb3cca40cf14515203b07,2025-08-11,2025-08-11 11:06:43-10,c13dd7d50f21268dc64b4b3edbce31993985ab12,false
2915286d7ad2c7a98aa7d4bb99a6af5c,6f4922f45568161a8cdf4ad2299f6d23,40101526bfeb6f95bd7ee528cc8bffe0,18.3,18,3,false,2026-02-23,2026-02-26,9,true,2026-02-11,2026-02-11 00:25:06-10,dfc15bd3286dc7828c7666bfca06c76252305517,2026-02-23,2026-02-23 11:56:43-10,62d6c7d3df6287f1bd83199c1a746e50d31571a0,false
2adf0f87cbb1b53ddb72e7d6c53d1843,aab3238922bcc25a6f606eb525ffdc56,086ceaa75240d0c8218ee8cd31103e84,14.9,14,9,false,2023-08-07,2023-08-10,39,false,2023-05-10,2023-05-10 07:49:46-10,7deeb02f6d717b5b6aa0a6eb885a477767a8beaa,2023-08-07,2023-08-07 10:10:05-10,86648dcdaec67b83cec20a9d25b45ec089a7c624,false
2b67f2a477f43c623f2825d7fa501905,c51ce410c124a10e0db5e4b97fc2af39,e689c36b2ed92991eecb44650ef67992,13.9,13,9,false,2022-11-07,2022-11-10,41,false,2022-08-10,2022-08-10 07:37:25-10,71caf3c4da1c85a2ec7cfce914f1ccb723c8e991,2022-11-07,2022-11-07 11:45:38-10,b664e3552b800b480e2b4fadd847f8b312e00642,false
2cc7ff7c21019c63ed5f3e14745757c2,c51ce410c124a10e0db5e4b97fc2af39,740c1e0f22c109481cb0da8abe660ae0,13.15,13,15,false,2024-05-06,2024-05-09,35,false,2024-02-09,2024-02-09 00:39:54-10,4efaf4b09e8f9a9c8b04a6c82454c248de042119,2024-05-06,2024-05-06 10:26:10-10,8e5faba4b918ba6142339c8f55eaa4eb99776a03,false
2cd9c009119d9692611f2663e7448812,9bf31c7ff062936a96d3c8bd1f8f2ff3,740c1e0f22c109481cb0da8abe660ae0,15.7,15,7,false,2024-05-06,2024-05-09,52,false,2024-02-08,2024-02-08 01:19:34-10,27c3a41f3cfbfc3ab471fd85b4885d39f7c42ae6,2024-05-06,2024-05-06 10:23:18-10,4a53584cf2d676e685d899d01cde18c075fbeca7,false
2ce72b2850f750b56ff15f10346b6f2c,9bf31c7ff062936a96d3c8bd1f8f2ff3,b1036aa132d59c6301b245e14d25cebd,15.14,15,14,false,2025-08-11,2025-08-14,54,false,2025-05-09,2025-05-09 05:50:33-10,1ddb9e14eadf95802c835a3754af5621615ded30,2025-08-11,2025-08-11 11:08:18-10,0ab43b548237b3791261480d6a023f6b95b53942,false
2da93ac0f9ed3eb0e043650de2ba1655,c20ad4d76fe97759aa27a0c99bff6710,430193a6f22c81c76b3c08aa8e3411db,12.7,12,7,false,2021-05-10,2021-05-13,41,false,2021-02-10,2021-02-09 18:09:12-10,85edb1f2615d48bdc2420b00c55286eef3a3244c,2021-05-10,2021-05-10 10:43:52-10,4bf0bce161097869be5a56706b31388ba15e0113,false
2dd5ad4b93b8726c85105850c423c5d8,aab3238922bcc25a6f606eb525ffdc56,1f43afe79c4f5f90d2e555ef65ec2716,14.7,14,7,false,2023-02-06,2023-02-09,47,false,2022-11-08,2022-11-08 13:25:03-10,2e4229691c666667f5b5c751773c12b2f2f6b00b,2023-02-06,2023-02-06 11:41:14-10,e4c4e6258c747d440e161f387d2eff84a835ca08,false
335be446d650930b1cfc4e2b04b7c530,70efdf2ec9b086079795c442636b55fb,b1036aa132d59c6301b245e14d25cebd,17.6,17,6,false,2025-08-11,2025-08-14,71,false,2025-05-08,2025-05-08 01:53:16-10,f2d5b571f352bd57e5d7f14ae9386e1ec1be19df,2025-08-11,2025-08-11 11:04:51-10,7885b94dd81b98bbab9ed878680d156df7bf857f,false
353be7ff70c4a5a6ae122efbf2d2d9bd,c74d97b01eae257e44aa9d5bade97baf,cef63e90a9cb8fd660c730931ca1e05c,16.12,16,12,false,2026-02-09,2026-02-12,45,false,2025-11-12,2025-11-11 14:02:35-10,d715aaa76f686109f0a6b611f84838901ccd137d,2026-02-09,2026-02-09 11:53:53-10,e15d96551f9760e62888b5082ad050329c1c4cdf,false
397b6ce58621b67db05421720e7a30df,c51ce410c124a10e0db5e4b97fc2af39,3aa0dcd869a782cee2f08c40235e2762,13.13,13,13,false,2023-11-06,2023-11-09,48,false,2023-08-07,2023-08-07 12:12:09-10,90cadfd4995b3848223ea881cdadcf83d29ff679,2023-11-06,2023-11-06 12:10:12-10,319310aa121285b1c7c036cb956a11bcc9d1bcb2,false
3b6796bbf556ed9df154a10725a166e8,9bf31c7ff062936a96d3c8bd1f8f2ff3,3aa0dcd869a782cee2f08c40235e2762,15.5,15,5,false,2023-11-06,2023-11-09,60,false,2023-08-07,2023-08-07 12:12:49-10,9f3343e40df6fc92a3913eeb8e240e0f5c6a5cfc,2023-11-06,2023-11-06 12:06:45-10,1e7f81e90741795d547c0290b4a82d84d518faac,false
3c5825a0d4bdb85c67182ef89bc9c7eb,c74d97b01eae257e44aa9d5bade97baf,3aa0dcd869a782cee2f08c40235e2762,16.1,16,1,false,2023-11-06,2023-11-09,59,false,2023-09-13,2023-09-12 14:53:52-10,3f7b7d9df2dc7aa14add615c7af8fbc1092509b9,2023-11-06,2023-11-06 12:04:27-10,3edc6580c0e27fb8f13322efd255a88d20dda6c2,false
3d50155858c1916776a6a120af34b008,c51ce410c124a10e0db5e4b97fc2af39,086ceaa75240d0c8218ee8cd31103e84,13.12,13,12,false,2023-08-07,2023-08-10,36,false,2023-05-10,2023-05-10 07:49:43-10,71fe2372278760714a442c82eb2ef524b7ea392a,2023-08-07,2023-08-07 10:11:34-10,c9d50b21a72d2bbc092ea9d7de4d4c044d8f8275,false
3dd2811ad4cc449e9f07df837559dc63,70efdf2ec9b086079795c442636b55fb,745f1c86e5cdd8936f605bfc2f720903,17.5,17,5,false,2025-05-05,2025-05-08,61,false,2025-02-19,2025-02-18 14:45:54-10,a68a7594ca3adc22899a5d06629fb2d0fa6724bc,2025-05-05,2025-05-05 10:28:35-10,5e2f3df49d4298c6097789364a5a53be172f6e85,false
3e524b3550a04fdf22538c16cfa10b57,c20ad4d76fe97759aa27a0c99bff6710,9690ffbcc2702b682b8b7c44a877583e,12.11,12,11,false,2022-05-09,2022-05-12,36,false,2022-02-09,2022-02-08 14:26:22-10,eba0f095c780fad505a859ee6713123692affa30,2022-05-09,2022-05-09 11:18:31-10,f4206b3e5f816bcc45511411bb208d21a68a7e6a,false
3e915318a945d82cd8d095c741e4af88,c51ce410c124a10e0db5e4b97fc2af39,9690ffbcc2702b682b8b7c44a877583e,13.7,13,7,false,2022-05-09,2022-05-12,38,false,2022-02-09,2022-02-08 14:26:17-10,5ea3b99de07bd1c1757effc9664d0786cb21c963,2022-05-09,2022-05-09 11:16:30-10,4695fdb40fbb1e977e7e62f7d9af1fa948230d6a,false
3fb46a6ec4d04903962385037d981946,9bf31c7ff062936a96d3c8bd1f8f2ff3,33136a96e9bc3dc6b8eb26e468436406,15.18,15,18,false,2026-05-11,2026-05-14,43,false,2026-02-24,2026-02-24 12:01:54-10,e726620d208ee1fca37a6cbfe0fc9a7031ff659e,2026-05-11,2026-05-11 09:49:58-10,005c1971a2926fbb9caf5a1ad634cd17a42bfd3c,false
3fc041a60ab6b0a05e9ec83bc7cb9d5b,c74d97b01eae257e44aa9d5bade97baf,740c1e0f22c109481cb0da8abe660ae0,16.3,16,3,false,2024-05-06,2024-05-09,57,false,2024-02-07,2024-02-07 08:25:07-10,17f3196599303abbfc605f5ea5c5e314ce856e38,2024-05-06,2024-05-06 10:21:25-10,05ffe9398b758bbb8d30cc76e9bbc638dab2d477,false
40608c50035ca3d0797b7bc515407b9b,9bf31c7ff062936a96d3c8bd1f8f2ff3,40101526bfeb6f95bd7ee528cc8bffe0,15.17,15,17,false,2026-02-23,2026-02-26,5,true,2026-02-11,2026-02-11 00:25:08-10,24dc2f3cd90b3f028fe6db2ba16c2d59e1dfbda6,2026-02-23,2026-02-23 12:01:47-10,3eb6f61958ac5027a18791a828a0c7a47accf211,false
40752da4daa75ebc5b82c906a6d9c504,c20ad4d76fe97759aa27a0c99bff6710,3aa0dcd869a782cee2f08c40235e2762,12.17,12,17,false,2023-11-06,2023-11-09,43,false,2023-08-07,2023-08-07 12:11:18-10,a86d4022788943b6bd3141b64d2a3e1129570087,2023-11-06,2023-11-06 12:11:55-10,2fe2d1af14fd2fb5afeee94b94c4d8a34a829e32,false
409475bf17cc866772e395e11a1e8ca0,c51ce410c124a10e0db5e4b97fc2af39,b1036aa132d59c6301b245e14d25cebd,13.22,13,22,false,2025-08-11,2025-08-14,44,false,2025-05-11,2025-05-11 03:47:10-10,a15102f08ee355999e261ac65c8bae94a736bab4,2025-08-11,2025-08-11 11:10:58-10,af2dbe860b638dbd45604270d103e0a59dc0a372,false
41dce6c20176ff519b23c3d64cb089af,aab3238922bcc25a6f606eb525ffdc56,4864ec4775ef5c58b98d9f148c2e9869,14.16,14,16,false,2025-02-10,2025-02-13,46,false,2024-11-19,2024-11-19 13:26:19-10,44a4a521d03a0033fca696b5fa4725a436018ae6,2025-02-10,2025-02-10 13:26:37-10,6884202705699820ec9427d1fba7eeba0e2de03e,false
42acca2c478fd6295e610c5b9d2c2f6f,70efdf2ec9b086079795c442636b55fb,5d3fad531dd3ceed47b48db21b213987,17.4,17,4,false,2025-02-17,2025-02-20,3,true,2025-02-12,2025-02-11 20:18:52-10,fa761d9c71375ec49234c77cc1951394ffac6fe1,2025-02-17,2025-02-17 11:11:21-10,f8554dee417ffc4540c94cf357f7bf7d4b6e5d80,false
451ab2ebcc6af480230942ed59b885dd,9bf31c7ff062936a96d3c8bd1f8f2ff3,cef63e90a9cb8fd660c730931ca1e05c,15.16,15,16,false,2026-02-09,2026-02-12,40,false,2025-11-12,2025-11-11 18:41:59-10,74b26c8c290c81de00c134bf63e315a803f5c259,2026-02-09,2026-02-09 11:55:28-10,78bc85dd4455c302c345c550e0628a1522df108d,false
48a4bc2edfa3a1c97be29cc5c80b8ddd,c20ad4d76fe97759aa27a0c99bff6710,14d8b6c36187f5adc35e95280a91c9cb,12.15,12,15,false,2023-05-08,2023-05-11,50,false,2023-02-08,2023-02-07 18:09:52-10,6b4dba711a4ec4be87850108d4f9db12eecd399e,2023-05-08,2023-05-08 11:19:25-10,117dd58fd9cd01e661a2c36977e16a2722306a6d,false
4fe4ba8eb029b5eb26d6df4d8c19b0c1,70efdf2ec9b086079795c442636b55fb,10fa0d573d632725421808674378f487,17.11,17,11,false,2026-08-10,2026-08-13,107,false,2026-05-12,2026-05-11 21:44:28-10,eb5559b7df98581bd9a5142433122d1ba076d568,2026-08-10,2026-08-10 10:54:09-10,083ac033419f690758508e08c1736089384bbee8,false
50ad0e62349c6838c91eb30b5ebe2c21,aab3238922bcc25a6f606eb525ffdc56,7fdb94d944fa9b4ec8f39e9170f26ece,14.2,14,2,false,2022-02-07,2022-02-10,57,false,2021-11-09,2021-11-09 13:40:19-10,3aa858c8932e91f74a2e7a7c3c237b345c4f0847,2022-02-07,2022-02-07 11:15:36-10,78b1ddc753b3e5e3f3e9eb0e7519b48146018394,false
5116fff881d10d332d04be90aff768af,c20ad4d76fe97759aa27a0c99bff6710,086ceaa75240d0c8218ee8cd31103e84,12.16,12,16,false,2023-08-07,2023-08-10,32,false,2023-05-10,2023-05-10 07:49:41-10,3282e071bc594923f5d5f09c6f5b548e425a558a,2023-08-07,2023-08-07 10:13:41-10,66c1983d96b66edbae1f1eb0070b447f128176e2,false
516169ecbb4f43ab70593d9cb2d567df,9bf31c7ff062936a96d3c8bd1f8f2ff3,9913f136f555e8d180895e7b13f3cc29,15.10,15,10,false,2024-11-18,2024-11-21,8,true,2024-11-11,2024-11-11 13:54:30-10,713b8546aba66be102bdd8b320c06ea3b2813fd9,2024-11-18,2024-11-18 10:35:15-10,a4bd20b6d7f9d42750b797c450592f55d5374c1f,false
54a7b3b5a57bc61baa627d2000d2ce8e,9bf31c7ff062936a96d3c8bd1f8f2ff3,14d8b6c36187f5adc35e95280a91c9cb,15.3,15,3,false,2023-05-08,2023-05-11,83,false,2023-02-08,2023-02-07 21:56:50-10,dbe8a1726cfd5a09cf1ef99e76f5f89e2efada71,2023-05-08,2023-05-08 11:13:20-10,8382864eb5c9f9ebe962ac20b3392be5ae304d23,false
55cdbdbf2abcb0f9b9805a22add71568,c20ad4d76fe97759aa27a0c99bff6710,dbd342bf889401ef27850f02400ed7c3,12.9,12,9,false,2021-11-08,2021-11-11,63,false,2021-08-10,2021-08-10 12:10:30-10,cd7d9b6b63f1ed1d60cab3888eb0fc2523de6f0e,2021-11-08,2021-11-08 12:02:19-10,8a94efd9bb71c2d5473836ce4899aedb9b4cfb2e,false
573b56194adda270c43074eb13db28d2,aab3238922bcc25a6f606eb525ffdc56,30d790af5967d68d0dc1af24c052cc25,14.5,14,5,false,2022-08-08,2022-08-11,39,false,2022-06-14,2022-06-14 11:47:09-10,be35a6456901cfdf4df91697370dc5edac7e58c5,2022-08-08,2022-08-08 10:44:29-10,278273ccbad27a8834dfdf11895da9cd91de4114,false
591cc1c9a3b4cbd908178203fc545d5d,c74d97b01eae257e44aa9d5bade97baf,54b845081bd089efb1f91a1b5a00304b,16.4,16,4,false,2024-08-05,2024-08-08,54,false,2024-05-07,2024-05-07 12:15:00-10,be18a12b663181f304d49022a452e31e4df42ff2,2024-08-05,2024-08-05 10:05:35-10,2caa85f4aae689e6f6721d7363b4c66a2a6417d6,false
5d7b9adcbe1c629ec722529dd12e5129,5d7b9adcbe1c629ec722529dd12e5129,5d7b9adcbe1c629ec722529dd12e5129,(not applicable),,,false,1900-01-01,1900-01-01,,false,,,,,,,true
5d93f7609c95588e766ce570e9b035a2,70efdf2ec9b086079795c442636b55fb,40101526bfeb6f95bd7ee528cc8bffe0,17.9,17,9,false,2026-02-23,2026-02-26,6,true,2026-02-11,2026-02-11 00:25:06-10,e323c8d320d2d603d146383832229615145299b1,2026-02-23,2026-02-23 11:58:47-10,6d396980fc5aed4f1a525e0bd75cb16b25ed40ca,false
601712ded7a71b0842984ad41b6aad39,c20ad4d76fe97759aa27a0c99bff6710,534c2afd1bc2f5ea0659c8baa0f475f2,12.3,12,3,false,2020-05-11,2020-05-14,76,false,2020-02-11,2020-02-11 12:53:40-10,3ba8a38000861c37a26aab9298d2fb3800cbd9d6,2020-05-11,2020-05-11 11:08:58-10,5060275aa8a1ead56e0a41308d7a43049a6cbe43,false
6305d1506caa6f58d63d8cb2ccba14d8,c51ce410c124a10e0db5e4b97fc2af39,54b845081bd089efb1f91a1b5a00304b,13.16,13,16,false,2024-08-05,2024-08-08,36,false,2024-05-07,2024-05-07 12:15:00-10,abe60b6a0d276a073fc3f057498a920cdab906a9,2024-08-05,2024-08-05 10:09:59-10,0dc08bbfcc93ac4f04d2a3f4b9d1231a80e2cc0c,false
64bf4556bdba153e6eff5cf9a077e332,c51ce410c124a10e0db5e4b97fc2af39,c6d9135a49bdef377840c6e9b647981b,13.23,13,23,false,2025-11-10,2025-11-13,43,false,2025-08-13,2025-08-13 05:59:47-10,e3b3fa863810f62f7a9c23b2d21a392d75cc4422,2025-11-10,2025-11-10 11:59:18-10,89df812eb890814b105d871185935b580478e660,false
698547940e127effe7e9c29358118375,c20ad4d76fe97759aa27a0c99bff6710,ad89edc9dc5c9a74a8d3f9e6941f425d,12.18,12,18,false,2024-02-05,2024-02-08,39,false,2023-11-09,2023-11-08 23:57:52-10,b17a02be27e01d46cf9a74d173009547305d4cf8,2024-02-05,2024-02-05 11:48:53-10,3ba17930941ea629b2ffb5cd252f3055d4d4a9a6,false
6ba14e8c4ecc853a0411ce66668fa103,9bf31c7ff062936a96d3c8bd1f8f2ff3,941e22d8a4f291e3ef640e97c4354a02,15.9,15,9,false,2024-11-11,2024-11-14,46,false,2024-08-07,2024-08-06 21:44:10-10,a38f5f880d1e86fedf1616de5391df5f0d5e4239,2024-11-11,2024-11-11 12:45:41-10,0c53d54c812cea0d840490fd107910ed949e18c2,false
6bb61e3b7bce0931da574d19d1d82c88,6bb61e3b7bce0931da574d19d1d82c88,6bb61e3b7bce0931da574d19d1d82c88,(unknown),,,false,1900-01-01,1900-01-01,,false,,,,,,,true
6f5a3bb2c4d74e30623014f733481419,c51ce410c124a10e0db5e4b97fc2af39,34561dea791c4dd754020d0411807e90,13.2,13,2,false,2021-02-08,2021-02-11,80,false,2020-11-10,2020-11-10 13:32:36-10,5c456d30807136e47ea936d67946cfada3f0e71c,2021-02-08,2021-02-08 11:54:11-10,3fb4c75e857adee3da4386e947ba58a75f3e74b7,false
74b35675c9e7ab259c48c600dfb34179,c20ad4d76fe97759aa27a0c99bff6710,e689c36b2ed92991eecb44650ef67992,12.13,12,13,false,2022-11-07,2022-11-10,38,false,2022-08-10,2022-08-10 07:37:25-10,5b948b5c13366591ef0cd975df3170c4eaff4e3b,2022-11-07,2022-11-07 11:47:13-10,26b9b5dddfa21ce73d9b99e79e2336c5584745bd,false
74bc92631030ea405ffe9803c7dbbaa6,9bf31c7ff062936a96d3c8bd1f8f2ff3,4864ec4775ef5c58b98d9f148c2e9869,15.11,15,11,false,2025-02-10,2025-02-13,48,false,2024-11-19,2024-11-19 13:26:19-10,fd3383ff1107dd2d530178dd980423d96b3ade27,2025-02-10,2025-02-10 13:24:55-10,e3cbae2221c8107fa816673adaea4e357c1393df,false
7559274a998db62b6322f57c87a2930b,c74d97b01eae257e44aa9d5bade97baf,33136a96e9bc3dc6b8eb26e468436406,16.14,16,14,false,2026-05-11,2026-05-14,50,false,2026-02-24,2026-02-24 12:01:51-10,a38ed212ff236e4e1c94c790d9b9d18f52d2b13a,2026-05-11,2026-05-11 09:48:18-10,0d1c00c624fa7367d4a895f44381887757289682,false
770e30159a8b709ff6a0455149d73a35,aab3238922bcc25a6f606eb525ffdc56,745f1c86e5cdd8936f605bfc2f720903,14.18,14,18,false,2025-05-05,2025-05-08,35,false,2025-02-19,2025-02-18 14:45:59-10,691c32ba4b194abf590ecf58baea46349f59f109,2025-05-05,2025-05-05 10:33:27-10,8bde80e30edd408a5bef4d5612db0bb173206293,false
7a2cd0697053432540bbb96552ce09a7,c74d97b01eae257e44aa9d5bade97baf,ad89edc9dc5c9a74a8d3f9e6941f425d,16.2,16,2,false,2024-02-05,2024-02-08,70,false,2023-11-08,2023-11-07 19:06:36-10,4dccf9575369410f0c853e6f1b0b0579c8ec1c05,2024-02-05,2024-02-05 11:41:37-10,b78fa8547d02fc72ace679fb4d5289dccdbfc781,false
7ccd528b1ff88934ff0fced5d3fc64ae,9bf31c7ff062936a96d3c8bd1f8f2ff3,1f43afe79c4f5f90d2e555ef65ec2716,15.2,15,2,false,2023-02-06,2023-02-09,58,false,2022-11-08,2022-11-08 13:25:03-10,362ba3e932c0f343a199b74f94ca7b22f4f8448d,2023-02-06,2023-02-06 11:39:04-10,78ec02d612a9b69039ec2610740f738968fe144d,false
7ff2e16d62d08febb3b37e1ba61f0e85,aab3238922bcc25a6f606eb525ffdc56,5d3fad531dd3ceed47b48db21b213987,14.17,14,17,false,2025-02-17,2025-02-20,2,true,2025-02-12,2025-02-11 20:41:30-10,80b23bf5b858d54c31c3231e480c770de401b7a5,2025-02-17,2025-02-17 11:15:49-10,e5cabe28006995d90cc9ebc613dad072c44c7f4a,false
8011c1672b96b9446e250a64eb52393f,70efdf2ec9b086079795c442636b55fb,5d7b9adcbe1c629ec722529dd12e5129,17.0,17,0,true,2024-09-23,2024-09-26,165,false,2023-06-29,2023-06-29 13:05:23-10,5bcc7e6dc8cb6fb6ab16c118a1e710fc85096f76,2024-09-23,2024-09-23 10:02:53-10,d7ec59a63d745ba74fba0e280bbf85dc6d1caa3e,false
82144996133901d53d08399c89ee18f1,aab3238922bcc25a6f606eb525ffdc56,9690ffbcc2702b682b8b7c44a877583e,14.3,14,3,false,2022-05-09,2022-05-12,52,false,2022-02-09,2022-02-08 14:26:09-10,e327291e4a96571c85b6a9b140e1a8116fb47ec6,2022-05-09,2022-05-09 11:14:45-10,0e9cc8c0f3bc411de888a77318d8854ccba90e80,false
8231150f9d3c4a156df10b79b0ca7ed5,aab3238922bcc25a6f606eb525ffdc56,10fa0d573d632725421808674378f487,14.24,14,24,false,2026-08-10,2026-08-13,79,false,2026-05-12,2026-05-11 21:44:33-10,81c0c77f27bf3ea4ff1ee2e85d782d4c73ff9161,2026-08-10,2026-08-10 10:59:18-10,6b3806732b7c5df06bdd0ed150e8a07b4ad62315,false
87417949f0363b098e3247d701a46d59,aab3238922bcc25a6f606eb525ffdc56,14d8b6c36187f5adc35e95280a91c9cb,14.8,14,8,false,2023-05-08,2023-05-11,67,false,2023-02-08,2023-02-07 18:09:27-10,0801345758db44ea8d2da7d8e7d8be2cf3d9bc4e,2023-05-08,2023-05-08 11:15:52-10,b6cf730e80e8571066c0ce76e76ce99b9144c149,false
90051d05643fdec9edfb36b0d4ccf1b2,6f4922f45568161a8cdf4ad2299f6d23,cef63e90a9cb8fd660c730931ca1e05c,18.2,18,2,false,2026-02-09,2026-02-12,75,false,2025-11-12,2025-11-11 14:02:29-10,434b605745a1a0337c009a79cd7c6c15867fa6c5,2026-02-09,2026-02-09 11:49:49-10,5a461dc4dbf72a1ec281394a76eb36d68cbdd935,false
904ea4834c4ecd696915cad84398756e,c20ad4d76fe97759aa27a0c99bff6710,9913f136f555e8d180895e7b13f3cc29,12.22,12,22,false,2024-11-18,2024-11-21,1,true,2024-11-16,2024-11-15 18:40:00-10,c463338656ac47e5210fcf9fbf7d20efccce8de8,2024-11-18,2024-11-18 10:41:03-10,498f30a8b7025a2a7bd3715acc1d1692122ba542,false
90fc01710cf1402b8200cc5a269a87e6,70efdf2ec9b086079795c442636b55fb,c6d9135a49bdef377840c6e9b647981b,17.7,17,7,false,2025-11-10,2025-11-13,65,false,2025-08-13,2025-08-12 18:11:50-10,e81a5031d51f9cd68adb7bdccc424880bac6838e,2025-11-10,2025-11-10 11:53:58-10,fbb530a3dff569222bea7098ad4de3d8bde97740,false
91bfc6775a6344cdc0e75140dbc326b7,aab3238922bcc25a6f606eb525ffdc56,ad89edc9dc5c9a74a8d3f9e6941f425d,14.11,14,11,false,2024-02-05,2024-02-08,49,false,2023-11-08,2023-11-07 19:06:42-10,59fc39c0d5d9237b4912b40fd781f605df1fb4b0,2024-02-05,2024-02-05 11:45:28-10,d1a2a93766b0a27eb4ffecdb63ed3879088dbfbe,false
95fb27ff06dec1fae036f00caa378b41,9bf31c7ff062936a96d3c8bd1f8f2ff3,c6d9135a49bdef377840c6e9b647981b,15.15,15,15,false,2025-11-10,2025-11-13,54,false,2025-08-13,2025-08-13 05:59:47-10,f4c0883448d8d2bbae9c104df0c34ccdfaf4db56,2025-11-10,2025-11-10 11:56:47-10,32f38816779420502d4a311835d5fe939e9548a0,false
9773f066da667415a91d15400e0a5432,aab3238922bcc25a6f606eb525ffdc56,c6d9135a49bdef377840c6e9b647981b,14.20,14,20,false,2025-11-10,2025-11-13,46,false,2025-08-13,2025-08-13 05:59:47-10,b3d6e8b63bc1a4c6a846b49b60a9b8264c132677,2025-11-10,2025-11-10 11:58:00-10,9ad034be354da9af1cea76836a9e576c110d1ff3,false
a2c7bf2022de6e241c7c2a2cce1b564e,c51ce410c124a10e0db5e4b97fc2af39,30d790af5967d68d0dc1af24c052cc25,13.8,13,8,false,2022-08-08,2022-08-11,43,false,2022-05-10,2022-05-10 12:42:02-10,af9b967671533965debc9caf3e20fd65a3c71ae4,2022-08-08,2022-08-08 10:45:58-10,4bc493d14409857090928ea51c02a20aba8db364,false
a76ff2228fba44f78059292c511c5915,c51ce410c124a10e0db5e4b97fc2af39,9b6f7d463a5f4a0e3f3d734f56d95f57,13.1,13,1,false,2020-11-09,2020-11-12,49,false,2020-09-23,2020-09-23 05:36:13-10,569f6a89a9153ee05ab429522e835b00b11ad7f9,2020-11-09,2020-11-09 12:24:30-10,6daf725a9c66e880fd76d25279ce00710535e030,false
a86c834d87b0b571f97f58c549912e11,aab3238922bcc25a6f606eb525ffdc56,941e22d8a4f291e3ef640e97c4354a02,14.14,14,14,false,2024-11-11,2024-11-14,44,false,2024-08-07,2024-08-06 21:44:16-10,7696b2ea52416cc2f4046a359d3b6f760e4c013d,2024-11-11,2024-11-11 12:47:15-10,8abd1324049759c1cbd81a4793c470a4f43e1fdb,false
a8b50efeb1e1b290fed333e06f523754,c20ad4d76fe97759aa27a0c99bff6710,8259db14aa4c03e490b0212e1702f1d3,12.4,12,4,false,2020-08-10,2020-08-13,52,false,2020-05-14,2020-05-13 17:42:23-10,7130be8aa3e022b08245f77cbbe5a71473b36a73,2020-08-10,2020-08-10 11:15:53-10,0ad348f38ea9aaafe51f9197c8a2498aaec70ff1,false
aab7d9999e13470c54d4539b05703776,70efdf2ec9b086079795c442636b55fb,4864ec4775ef5c58b98d9f148c2e9869,17.3,17,3,false,2025-02-10,2025-02-13,71,false,2024-11-19,2024-11-19 13:26:19-10,c1ebef3c10dbfd8c6ec4c9b9ab03b7d1fe00ac79,2025-02-10,2025-02-10 13:21:12-10,3819b30c4c5bbb4e772a6f209fa7bbccccb91a11,false
ac462245779b4f9ed6509fe6b4cbe5eb,aab3238922bcc25a6f606eb525ffdc56,b1036aa132d59c6301b245e14d25cebd,14.19,14,19,false,2025-08-11,2025-08-14,47,false,2025-05-11,2025-05-11 03:47:10-10,4bccb09f4b7a1efb36bfa01a364a2edc9c97dd0d,2025-08-11,2025-08-11 11:09:37-10,4e9da016ade3e75400f6fdc22ed1fed7fdd32f7a,false
ad7ba51d2d3155a988aaa673a0bf42a3,aab3238922bcc25a6f606eb525ffdc56,54b845081bd089efb1f91a1b5a00304b,14.13,14,13,false,2024-08-05,2024-08-08,42,false,2024-05-07,2024-05-07 12:15:00-10,90d39929a8900ba38a3ded503481867ca3182849,2024-08-05,2024-08-05 10:08:36-10,33965476b6ef6a37af2bc9bb1b5b2af17c35dc5e,false
b940b38b0563c64d44704d877b2444c0,c74d97b01eae257e44aa9d5bade97baf,5d7b9adcbe1c629ec722529dd12e5129,16.0,16,0,true,2023-09-11,2023-09-14,193,false,2022-06-30,2022-06-30 05:26:40-10,d31d30973a190f69d414f7fc7b670771ac346a59,2023-09-11,2023-09-11 10:25:06-10,c372fbbd8e911f2412b80a8c39d7079366565d67,false
bb5cd6a1f0c500f04616284e567b1aa1,c20ad4d76fe97759aa27a0c99bff6710,941e22d8a4f291e3ef640e97c4354a02,12.21,12,21,false,2024-11-11,2024-11-14,34,false,2024-08-07,2024-08-07 08:43:45-10,646b16bcafeaa98d7a085ccf4bef11dfc0999fb8,2024-11-11,2024-11-11 12:50:23-10,20a82026828536331ebe912b86f060078a173633,false
c14e09a45eab545f5d11e5a6bbd1b22b,c51ce410c124a10e0db5e4b97fc2af39,7fdb94d944fa9b4ec8f39e9170f26ece,13.6,13,6,false,2022-02-07,2022-02-10,41,false,2021-11-09,2021-11-09 13:40:19-10,5a3240cf6b2e9f5fb6befe7e1ac4c0c0464ce3d2,2022-02-07,2022-02-07 11:17:41-10,d7db9572070a627bae9919fd1b4e16c8208d4fca,false
c1fdb94ede4e0cfdc87154559fd92df9,c74d97b01eae257e44aa9d5bade97baf,10fa0d573d632725421808674378f487,16.15,16,15,false,2026-08-10,2026-08-13,95,false,2026-05-12,2026-05-11 21:44:30-10,e95e6e153e7021f9db09459a9b706e3026642b3d,2026-08-10,2026-08-10 10:56:00-10,7d3e000c5961a544302072058a1184e9a588837b,false
c374a6eb545720354e91dce5ed28fd1b,c20ad4d76fe97759aa27a0c99bff6710,30d790af5967d68d0dc1af24c052cc25,12.12,12,12,false,2022-08-08,2022-08-11,39,false,2022-05-10,2022-05-10 12:42:02-10,8ed13fb9346dfcf4423a40cc740b247463340342,2022-08-08,2022-08-08 10:47:33-10,7cd0d523d2581895e65cd0ebebc7e50caa8bbfda,false
c7af379c951f52fbe63a373b778d6b63,aab3238922bcc25a6f606eb525ffdc56,40101526bfeb6f95bd7ee528cc8bffe0,14.22,14,22,false,2026-02-23,2026-02-26,5,true,2026-02-11,2026-02-11 00:25:10-10,301449686df7e84699b6cab0afb8ab3119ddcd1f,2026-02-23,2026-02-23 12:03:30-10,966473719c7f8067848dc79b58da0fb17ed136b1,false
c83fb627fc60dcdf110bf0ed6ad7b0f8,c51ce410c124a10e0db5e4b97fc2af39,941e22d8a4f291e3ef640e97c4354a02,13.17,13,17,false,2024-11-11,2024-11-14,38,false,2024-08-07,2024-08-07 08:43:40-10,382909b635cb0eb164ef678b68b0cc4ecfb26d6b,2024-11-11,2024-11-11 12:48:40-10,64ecc00908b7557afa911c15bb342ff06845bb19,false
c8db6b584c8dcb25982bde0c566a0fbe,aab3238922bcc25a6f606eb525ffdc56,e689c36b2ed92991eecb44650ef67992,14.6,14,6,false,2022-11-07,2022-11-10,41,false,2022-08-10,2022-08-10 07:37:25-10,95bfadd4e83c17f1a31ab97eb2aba44a38c36324,2022-11-07,2022-11-07 11:38:53-10,6dde6ed3efb4baaa0955f78ba5c93e9490aaa490,false
cb3b88409b992ad809a378b1e4d65cc2,9bf31c7ff062936a96d3c8bd1f8f2ff3,5d7b9adcbe1c629ec722529dd12e5129,15.0,15,0,true,2022-10-10,2022-10-13,153,false,2021-06-28,2021-06-28 05:31:16-10,596b5af1d3675b58d4018acd64217e2f627da3e4,2022-10-10,2022-10-10 10:57:37-10,2a7ce2e2ce474504a707ec03e128fde66cfb8b48,false
ccb393ec27fee94828b70d00dc3251d0,c20ad4d76fe97759aa27a0c99bff6710,ae9513a94b08054b5257585a7ac8c738,12.1,12,1,false,2019-11-11,2019-11-14,51,false,2019-10-02,2019-10-01 20:53:51-10,2a724cdbff0bef4b962255c1e322b4deb74c309e,2019-11-11,2019-11-11 12:03:10-10,578a551f82f7ad746b36d98c401bdc92c136d664,false
cf3e481a44141cabd4e9d46cfbb1f899,c20ad4d76fe97759aa27a0c99bff6710,9b6f7d463a5f4a0e3f3d734f56d95f57,12.5,12,5,false,2020-11-09,2020-11-12,58,false,2020-08-12,2020-08-12 09:33:36-10,0426c75e7d1d058a3d61bac678e17b675ddaebb9,2020-11-09,2020-11-09 12:26:33-10,6bb1b38fa5388a4aa39ed9e56ef477f618fb28e1,false
d06a91fc0f8f95bb28be5faec197d0e9,c20ad4d76fe97759aa27a0c99bff6710,54b845081bd089efb1f91a1b5a00304b,12.20,12,20,false,2024-08-05,2024-08-08,34,false,2024-05-07,2024-05-07 12:15:00-10,4488142a463c623d3567b1452deb6d768cd0ee9b,2024-08-05,2024-08-05 10:11:34-10,76265a851b13bbb001a218481c0cb6315c0fdfe6,false
d2de50745be374846c0b044a1d67d7a1,6f4922f45568161a8cdf4ad2299f6d23,c6d9135a49bdef377840c6e9b647981b,18.1,18,1,false,2025-11-10,2025-11-13,53,false,2025-09-23,2025-09-23 13:00:09-10,178bbf403cc51d912b50f8ad8ea318e42cc29f42,2025-11-10,2025-11-10 11:52:06-10,4b324845ba5d24682b9b3708a769f00d160afbd7,false
d59f97b9d6c75aeb45ee7ec3476d540f,c51ce410c124a10e0db5e4b97fc2af39,9913f136f555e8d180895e7b13f3cc29,13.18,13,18,false,2024-11-18,2024-11-21,4,true,2024-11-11,2024-11-11 13:54:38-10,5411e821386ce5c9ec794bbc9540c7c4a1acaa46,2024-11-18,2024-11-18 10:39:24-10,4f8df7a3fb750007ff5018f8125e0d4793cab337,false
d61f96d43a7ec134b14bbddd8b0e59ee,c51ce410c124a10e0db5e4b97fc2af39,5d7b9adcbe1c629ec722529dd12e5129,13.0,13,0,true,2020-09-21,2020-09-24,163,false,2019-07-01,2019-07-01 06:50:55-10,615cebc94b5ef8fbe353e3c8b838b1e97bcdfd49,2020-09-21,2020-09-21 10:47:36-10,29be9983a64c011eac0b9ee29895cce71e15ea77,false
dcfc3fee77e49b78055d7bef2ae2ad4f,c51ce410c124a10e0db5e4b97fc2af39,430193a6f22c81c76b3c08aa8e3411db,13.3,13,3,false,2021-05-10,2021-05-13,48,false,2021-02-10,2021-02-09 18:09:09-10,8493831385814c4f22b1d5b5d8a9227a2eb82712,2021-05-10,2021-05-10 10:41:42-10,272d82ec6febb97ab25fd7c67e9c84f4660b16ac,false
ddab1d5d94964d296b95488957f3b3d7,aab3238922bcc25a6f606eb525ffdc56,cef63e90a9cb8fd660c730931ca1e05c,14.21,14,21,false,2026-02-09,2026-02-12,37,false,2025-11-12,2025-11-12 02:51:53-10,f8a0ea8965568d65e5edf05635d2b00c53a7dd51,2026-02-09,2026-02-09 11:57:12-10,eb788b43371849237c61ba2747fc11e96c08d861,false
ddade7a1703d80dee030a9c8d4118670,c20ad4d76fe97759aa27a0c99bff6710,7fdb94d944fa9b4ec8f39e9170f26ece,12.10,12,10,false,2022-02-07,2022-02-10,33,false,2021-11-09,2021-11-09 13:40:19-10,9959a078f2d706d9bbea74891963e6df0a95fedb,2022-02-07,2022-02-07 11:19:04-10,ec24521950fb055488e3ab2c652ffbf7fe0180b9,false
ddbdb62ab62254676650237e67056cf3,aab3238922bcc25a6f606eb525ffdc56,dbd342bf889401ef27850f02400ed7c3,14.1,14,1,false,2021-11-08,2021-11-11,46,false,2021-09-28,2021-09-28 04:24:24-10,febbb2f52c99b16261387daba4931d621dfbef0f,2021-11-08,2021-11-08 11:58:24-10,0a455b8d61d8fc5a7d1fdc152667f9ba1fd27fda,false
dfd78eb85404bb841184ad07c266066f,c51ce410c124a10e0db5e4b97fc2af39,c9d8a0790659e1de2e133ca63969ffde,13.4,13,4,false,2021-08-09,2021-08-12,77,false,2021-05-12,2021-05-11 14:59:45-10,834d9284b4fee413c74de3a143a072eb21c05772,2021-08-09,2021-08-09 10:49:05-10,e849f3f1f884ad140b60a24354c6371cbd2efbb6,false
e1d3d91ff5478d31018c19f78476209d,c20ad4d76fe97759aa27a0c99bff6710,34561dea791c4dd754020d0411807e90,12.6,12,6,false,2021-02-08,2021-02-11,67,false,2020-11-10,2020-11-10 13:32:36-10,5ce51f8280d3e2a59dbcd93c9d8244e3bf96944d,2021-02-08,2021-02-08 11:56:03-10,1b9eb7cde7e9cdacd62d206b75ab66bfe6a9a0a4,false
e24258d4eb4bc7aa943fd735e497d8d1,c51ce410c124a10e0db5e4b97fc2af39,ad89edc9dc5c9a74a8d3f9e6941f425d,13.14,13,14,false,2024-02-05,2024-02-08,40,false,2023-11-09,2023-11-08 23:56:31-10,4f4a0010a3a1e0404198130ac3cababeaa17d1e6,2024-02-05,2024-02-05 11:47:02-10,b3b2bf3b9cc1f31170d3b4e21cb6ac0cf24bf90a,false
e3e5a4e071b34019caec47bec758eaa9,c74d97b01eae257e44aa9d5bade97baf,941e22d8a4f291e3ef640e97c4354a02,16.5,16,5,false,2024-11-11,2024-11-14,54,false,2024-08-07,2024-08-06 21:44:05-10,0583863e9e6e9ce412bf82658d691370336fa9c0,2024-11-11,2024-11-11 12:44:10-10,8c9d34cdc4d213a57fa8b8a7197f7d6f22fca4c9,false
e4943631400ccf72d3d1b46d9973d074,c74d97b01eae257e44aa9d5bade97baf,5d3fad531dd3ceed47b48db21b213987,16.8,16,8,false,2025-02-17,2025-02-20,2,true,2025-02-12,2025-02-11 20:37:01-10,d29bf192e5498418c41d5fd6a8540b13920d0572,2025-02-17,2025-02-17 11:13:08-10,71eb35c0b18de96537bd3876ec9bf8075bfd484f,false
e4e615dc68bfe7db5ddfedc993cade10,c51ce410c124a10e0db5e4b97fc2af39,1f43afe79c4f5f90d2e555ef65ec2716,13.10,13,10,false,2023-02-06,2023-02-09,38,false,2022-11-08,2022-11-08 13:25:03-10,2dca4d38c0b7025bf48db13727360177dd64c570,2023-02-06,2023-02-06 11:42:56-10,20aba55fae83cd0b6f7511365d172da8cd7e0135,false
e628c732b1864fecab703bcb2f8b4d78,c74d97b01eae257e44aa9d5bade97baf,745f1c86e5cdd8936f605bfc2f720903,16.9,16,9,false,2025-05-05,2025-05-08,48,false,2025-02-19,2025-02-18 14:45:56-10,8d0756250313c42b20f55ac62bece342c82a783d,2025-05-05,2025-05-05 10:30:08-10,6e4ab1b69197e2756192a1019439aebacdea5497,false
e76af95319f03251bdf6c3771f39afbe,c20ad4d76fe97759aa27a0c99bff6710,c9d8a0790659e1de2e133ca63969ffde,12.8,12,8,false,2021-08-09,2021-08-12,68,false,2021-05-12,2021-05-12 13:13:54-10,6e9723cde5c672bb55ed803fc42720d0a46ce03c,2021-08-09,2021-08-09 10:50:41-10,de835071fda945fb5e40340d3ea8dd2ca13e725c,false
e7e9cc4ae3fad2a754d33e2ebd159f21,c51ce410c124a10e0db5e4b97fc2af39,5d3fad531dd3ceed47b48db21b213987,13.20,13,20,false,2025-02-17,2025-02-20,2,true,2025-02-12,2025-02-11 20:35:03-10,412047f19fcb978508a0e530acc23810db93de06,2025-02-17,2025-02-17 11:17:13-10,c8f198c3acb59ed858b5b9b88b4fbc55cece544e,false
e83acbfc1fa90db7c5825218823298d3,c51ce410c124a10e0db5e4b97fc2af39,dbd342bf889401ef27850f02400ed7c3,13.5,13,5,false,2021-11-08,2021-11-11,77,false,2021-08-10,2021-08-10 12:10:30-10,7ba487cf90071717c9c352dc074a9140860eba55,2021-11-08,2021-11-08 12:00:24-10,084346ccee8ead6b387a90cdf6a29036ae9ec77e,false
ead53bb05e96a47cbce441a11a99b2b3,aab3238922bcc25a6f606eb525ffdc56,3aa0dcd869a782cee2f08c40235e2762,14.10,14,10,false,2023-11-06,2023-11-09,56,false,2023-08-07,2023-08-07 12:12:33-10,00953f1e232912a21bb17b3ad486e6ef8c5eadab,2023-11-06,2023-11-06 12:08:43-10,33d5cf65f8c97d6bf085dffecb51c6a52d1f3f0d,false
efa835b694589cf62ed73eff5a2fc8fd,9bf31c7ff062936a96d3c8bd1f8f2ff3,10fa0d573d632725421808674378f487,15.19,15,19,false,2026-08-10,2026-08-13,86,false,2026-05-12,2026-05-11 21:44:32-10,d8d46710cdbb0b0cfb9a8d614b7e8937297aff58,2026-08-10,2026-08-10 10:57:41-10,2ff1375b5dd8bf09d8cb0e795974528180fd75ca,false
f4b955658f44fc29fb155acb57f32c1d,9bf31c7ff062936a96d3c8bd1f8f2ff3,54b845081bd089efb1f91a1b5a00304b,15.8,15,8,false,2024-08-05,2024-08-08,49,false,2024-05-07,2024-05-07 12:15:00-10,363e8c2f98b80e039873902b3b3fd003ae09bd9e,2024-08-05,2024-08-05 10:07:10-10,3cc5e51ab4507b33acc82684b7d79ac43b8a6b5d,false
f956db20c1a24280c453c61bbb1ec9f6,6f4922f45568161a8cdf4ad2299f6d23,10fa0d573d632725421808674378f487,18.6,18,6,false,2026-08-11,2026-08-13,140,false,2026-05-13,2026-05-12 16:46:08-10,d9cd9b4d7e147fc4965195c765f191ac69593c43,2026-08-11,2026-08-11 08:38:31-10,724edf9bde9d356724ad384a2e196edc3c9f80f7,false
fa77d23730a70309e9f96103916581e3,9bf31c7ff062936a96d3c8bd1f8f2ff3,745f1c86e5cdd8936f605bfc2f720903,15.13,15,13,false,2025-05-05,2025-05-08,38,false,2025-02-19,2025-02-18 14:45:57-10,9844eb67ccb7ff1b7cbc7722111b6b9aa81b16c9,2025-05-05,2025-05-05 10:31:49-10,5261b40acb67fdb8ed1e5976ae99599f16864c93,false
fa7a332ea249be988b987dabd27bc5ac,aab3238922bcc25a6f606eb525ffdc56,740c1e0f22c109481cb0da8abe660ae0,14.12,14,12,false,2024-05-06,2024-05-09,42,false,2024-02-09,2024-02-09 00:39:42-10,18388291aab8038b6abb6a9109ab6763e7a5b630,2024-05-06,2024-05-06 10:24:45-10,cf07a47dc0c3b16778291e62d730537b45da51ef,false
