release_dt,dim_release_key,status,is_out_of_band,is_partial_window,origin,fix_cnt,security_fix_cnt,security_hardening_cnt,committed_fix_cnt,documentation_rate,fix_share
2019-11-14,ae9513a94b08054b5257585a7ac8c738,shipped,false,true,pgsql-bugs,11,0,0,20,0.550000,0.215686
2019-11-14,ae9513a94b08054b5257585a7ac8c738,shipped,false,true,pgsql-hackers,38,0,2,52,0.730769,0.745098
2019-11-14,ae9513a94b08054b5257585a7ac8c738,shipped,false,true,unknown_or_internal_not_security,2,0,0,27,0.074074,0.039216
2019-11-14,ae9513a94b08054b5257585a7ac8c738,shipped,false,true,unknown_or_internal_security,0,0,0,0,,0.000000
2020-02-13,9a9b07da41bc7c7dcffbecd2fec341cf,shipped,false,false,pgsql-bugs,27,0,0,35,0.771429,0.360000
2020-02-13,9a9b07da41bc7c7dcffbecd2fec341cf,shipped,false,false,pgsql-hackers,43,1,0,80,0.537500,0.573333
2020-02-13,9a9b07da41bc7c7dcffbecd2fec341cf,shipped,false,false,unknown_or_internal_not_security,4,0,0,30,0.133333,0.053333
2020-02-13,9a9b07da41bc7c7dcffbecd2fec341cf,shipped,false,false,unknown_or_internal_security,1,1,1,1,1.000000,0.013333
2020-05-14,534c2afd1bc2f5ea0659c8baa0f475f2,shipped,false,false,pgsql-bugs,22,0,1,29,0.758621,0.293333
2020-05-14,534c2afd1bc2f5ea0659c8baa0f475f2,shipped,false,false,pgsql-hackers,45,0,3,79,0.569620,0.600000
2020-05-14,534c2afd1bc2f5ea0659c8baa0f475f2,shipped,false,false,unknown_or_internal_not_security,8,0,1,42,0.190476,0.106667
2020-05-14,534c2afd1bc2f5ea0659c8baa0f475f2,shipped,false,false,unknown_or_internal_security,0,0,0,0,,0.000000
2020-08-13,8259db14aa4c03e490b0212e1702f1d3,shipped,false,false,pgsql-bugs,12,0,0,19,0.631579,0.230769
2020-08-13,8259db14aa4c03e490b0212e1702f1d3,shipped,false,false,pgsql-hackers,34,0,2,67,0.507463,0.653846
2020-08-13,8259db14aa4c03e490b0212e1702f1d3,shipped,false,false,unknown_or_internal_not_security,4,0,0,45,0.088889,0.076923
2020-08-13,8259db14aa4c03e490b0212e1702f1d3,shipped,false,false,unknown_or_internal_security,2,2,2,3,0.666667,0.038462
2020-11-12,9b6f7d463a5f4a0e3f3d734f56d95f57,shipped,false,false,pgsql-bugs,27,2,3,41,0.658537,0.391304
2020-11-12,9b6f7d463a5f4a0e3f3d734f56d95f57,shipped,false,false,pgsql-hackers,38,0,2,87,0.436782,0.550725
2020-11-12,9b6f7d463a5f4a0e3f3d734f56d95f57,shipped,false,false,unknown_or_internal_not_security,2,0,0,47,0.042553,0.028986
2020-11-12,9b6f7d463a5f4a0e3f3d734f56d95f57,shipped,false,false,unknown_or_internal_security,2,2,2,2,1.000000,0.028986
2021-02-11,34561dea791c4dd754020d0411807e90,shipped,false,false,pgsql-bugs,26,0,0,33,0.787879,0.325000
2021-02-11,34561dea791c4dd754020d0411807e90,shipped,false,false,pgsql-hackers,44,0,2,88,0.500000,0.550000
2021-02-11,34561dea791c4dd754020d0411807e90,shipped,false,false,unknown_or_internal_not_security,8,0,0,45,0.177778,0.100000
2021-02-11,34561dea791c4dd754020d0411807e90,shipped,false,false,unknown_or_internal_security,2,2,2,2,1.000000,0.025000
2021-05-13,430193a6f22c81c76b3c08aa8e3411db,shipped,false,false,pgsql-bugs,17,1,2,22,0.772727,0.346939
2021-05-13,430193a6f22c81c76b3c08aa8e3411db,shipped,false,false,pgsql-hackers,23,0,2,63,0.365079,0.469388
2021-05-13,430193a6f22c81c76b3c08aa8e3411db,shipped,false,false,unknown_or_internal_not_security,7,0,0,31,0.225806,0.142857
2021-05-13,430193a6f22c81c76b3c08aa8e3411db,shipped,false,false,unknown_or_internal_security,2,2,2,2,1.000000,0.040816
2021-08-12,c9d8a0790659e1de2e133ca63969ffde,shipped,false,false,pgsql-bugs,29,1,4,43,0.674419,0.376623
2021-08-12,c9d8a0790659e1de2e133ca63969ffde,shipped,false,false,pgsql-hackers,43,1,3,93,0.462366,0.558442
2021-08-12,c9d8a0790659e1de2e133ca63969ffde,shipped,false,false,unknown_or_internal_not_security,4,0,0,39,0.102564,0.051948
2021-08-12,c9d8a0790659e1de2e133ca63969ffde,shipped,false,false,unknown_or_internal_security,1,1,1,1,1.000000,0.012987
2021-11-11,dbd342bf889401ef27850f02400ed7c3,shipped,false,false,pgsql-bugs,29,0,0,37,0.783784,0.329545
2021-11-11,dbd342bf889401ef27850f02400ed7c3,shipped,false,false,pgsql-hackers,52,0,3,101,0.514851,0.590909
2021-11-11,dbd342bf889401ef27850f02400ed7c3,shipped,false,false,unknown_or_internal_not_security,5,0,0,29,0.172414,0.056818
2021-11-11,dbd342bf889401ef27850f02400ed7c3,shipped,false,false,unknown_or_internal_security,2,2,2,2,1.000000,0.022727
2022-02-10,7fdb94d944fa9b4ec8f39e9170f26ece,shipped,false,false,pgsql-bugs,24,0,2,36,0.666667,0.421053
2022-02-10,7fdb94d944fa9b4ec8f39e9170f26ece,shipped,false,false,pgsql-hackers,31,0,1,72,0.430556,0.543860
2022-02-10,7fdb94d944fa9b4ec8f39e9170f26ece,shipped,false,false,unknown_or_internal_not_security,2,0,0,31,0.064516,0.035088
2022-02-10,7fdb94d944fa9b4ec8f39e9170f26ece,shipped,false,false,unknown_or_internal_security,0,0,0,0,,0.000000
2022-05-12,9690ffbcc2702b682b8b7c44a877583e,shipped,false,false,pgsql-bugs,14,0,2,17,0.823529,0.269231
2022-05-12,9690ffbcc2702b682b8b7c44a877583e,shipped,false,false,pgsql-hackers,33,0,1,72,0.458333,0.634615
2022-05-12,9690ffbcc2702b682b8b7c44a877583e,shipped,false,false,unknown_or_internal_not_security,4,0,0,20,0.200000,0.076923
2022-05-12,9690ffbcc2702b682b8b7c44a877583e,shipped,false,false,unknown_or_internal_security,1,1,1,2,0.500000,0.019231
2022-06-16,7cdc36d758eec2751448266bca67920f,shipped,true,false,pgsql-bugs,10,0,1,12,0.833333,0.526316
2022-06-16,7cdc36d758eec2751448266bca67920f,shipped,true,false,pgsql-hackers,8,0,0,18,0.444444,0.421053
2022-06-16,7cdc36d758eec2751448266bca67920f,shipped,true,false,unknown_or_internal_not_security,1,0,0,11,0.090909,0.052632
2022-06-16,7cdc36d758eec2751448266bca67920f,shipped,true,false,unknown_or_internal_security,0,0,0,0,,0.000000
2022-08-11,30d790af5967d68d0dc1af24c052cc25,shipped,false,false,pgsql-bugs,20,1,2,28,0.714286,0.377358
2022-08-11,30d790af5967d68d0dc1af24c052cc25,shipped,false,false,pgsql-hackers,31,0,0,66,0.469697,0.584906
2022-08-11,30d790af5967d68d0dc1af24c052cc25,shipped,false,false,unknown_or_internal_not_security,1,0,0,25,0.040000,0.018868
2022-08-11,30d790af5967d68d0dc1af24c052cc25,shipped,false,false,unknown_or_internal_security,1,1,1,1,1.000000,0.018868
2022-11-10,e689c36b2ed92991eecb44650ef67992,shipped,false,false,pgsql-bugs,21,0,4,26,0.807692,0.428571
2022-11-10,e689c36b2ed92991eecb44650ef67992,shipped,false,false,pgsql-hackers,26,0,1,73,0.356164,0.530612
2022-11-10,e689c36b2ed92991eecb44650ef67992,shipped,false,false,unknown_or_internal_not_security,2,0,0,35,0.057143,0.040816
2022-11-10,e689c36b2ed92991eecb44650ef67992,shipped,false,false,unknown_or_internal_security,0,0,0,0,,0.000000
2023-02-09,1f43afe79c4f5f90d2e555ef65ec2716,shipped,false,false,pgsql-bugs,18,0,1,22,0.818182,0.290323
2023-02-09,1f43afe79c4f5f90d2e555ef65ec2716,shipped,false,false,pgsql-hackers,35,0,6,81,0.432099,0.564516
2023-02-09,1f43afe79c4f5f90d2e555ef65ec2716,shipped,false,false,unknown_or_internal_not_security,8,0,1,24,0.333333,0.129032
2023-02-09,1f43afe79c4f5f90d2e555ef65ec2716,shipped,false,false,unknown_or_internal_security,1,1,1,1,1.000000,0.016129
2023-05-11,14d8b6c36187f5adc35e95280a91c9cb,shipped,false,false,pgsql-bugs,42,0,7,48,0.875000,0.506024
2023-05-11,14d8b6c36187f5adc35e95280a91c9cb,shipped,false,false,pgsql-hackers,38,0,4,68,0.558824,0.457831
2023-05-11,14d8b6c36187f5adc35e95280a91c9cb,shipped,false,false,unknown_or_internal_not_security,1,0,0,10,0.100000,0.012048
2023-05-11,14d8b6c36187f5adc35e95280a91c9cb,shipped,false,false,unknown_or_internal_security,2,2,2,3,0.666667,0.024096
2023-08-10,086ceaa75240d0c8218ee8cd31103e84,shipped,false,false,pgsql-bugs,17,0,2,19,0.894737,0.340000
2023-08-10,086ceaa75240d0c8218ee8cd31103e84,shipped,false,false,pgsql-hackers,30,0,1,63,0.476190,0.600000
2023-08-10,086ceaa75240d0c8218ee8cd31103e84,shipped,false,false,unknown_or_internal_not_security,1,0,0,18,0.055556,0.020000
2023-08-10,086ceaa75240d0c8218ee8cd31103e84,shipped,false,false,unknown_or_internal_security,2,2,2,2,1.000000,0.040000
2023-11-09,3aa0dcd869a782cee2f08c40235e2762,shipped,false,false,pgsql-bugs,27,0,4,39,0.692308,0.364865
2023-11-09,3aa0dcd869a782cee2f08c40235e2762,shipped,false,false,pgsql-hackers,43,0,3,96,0.447917,0.581081
2023-11-09,3aa0dcd869a782cee2f08c40235e2762,shipped,false,false,unknown_or_internal_not_security,1,0,0,35,0.028571,0.013514
2023-11-09,3aa0dcd869a782cee2f08c40235e2762,shipped,false,false,unknown_or_internal_security,3,3,3,4,0.750000,0.040541
2024-02-08,ad89edc9dc5c9a74a8d3f9e6941f425d,shipped,false,false,pgsql-bugs,35,0,4,40,0.875000,0.492958
2024-02-08,ad89edc9dc5c9a74a8d3f9e6941f425d,shipped,false,false,pgsql-hackers,35,0,1,70,0.500000,0.492958
2024-02-08,ad89edc9dc5c9a74a8d3f9e6941f425d,shipped,false,false,unknown_or_internal_not_security,0,0,0,30,0.000000,0.000000
2024-02-08,ad89edc9dc5c9a74a8d3f9e6941f425d,shipped,false,false,unknown_or_internal_security,1,1,1,2,0.500000,0.014085
2024-05-09,740c1e0f22c109481cb0da8abe660ae0,shipped,false,false,pgsql-bugs,22,0,3,30,0.733333,0.379310
2024-05-09,740c1e0f22c109481cb0da8abe660ae0,shipped,false,false,pgsql-hackers,30,0,1,64,0.468750,0.517241
2024-05-09,740c1e0f22c109481cb0da8abe660ae0,shipped,false,false,unknown_or_internal_not_security,5,0,0,31,0.161290,0.086207
2024-05-09,740c1e0f22c109481cb0da8abe660ae0,shipped,false,false,unknown_or_internal_security,1,1,1,1,1.000000,0.017241
2024-08-08,54b845081bd089efb1f91a1b5a00304b,shipped,false,false,pgsql-bugs,25,0,2,32,0.781250,0.454545
2024-08-08,54b845081bd089efb1f91a1b5a00304b,shipped,false,false,pgsql-hackers,28,1,4,76,0.368421,0.509091
2024-08-08,54b845081bd089efb1f91a1b5a00304b,shipped,false,false,unknown_or_internal_not_security,1,0,0,19,0.052632,0.018182
2024-08-08,54b845081bd089efb1f91a1b5a00304b,shipped,false,false,unknown_or_internal_security,1,1,1,1,1.000000,0.018182
2024-11-14,941e22d8a4f291e3ef640e97c4354a02,shipped,false,false,pgsql-bugs,33,0,4,40,0.825000,0.478261
2024-11-14,941e22d8a4f291e3ef640e97c4354a02,shipped,false,false,pgsql-hackers,30,0,2,87,0.344828,0.434783
2024-11-14,941e22d8a4f291e3ef640e97c4354a02,shipped,false,false,unknown_or_internal_not_security,2,0,0,32,0.062500,0.028986
2024-11-14,941e22d8a4f291e3ef640e97c4354a02,shipped,false,false,unknown_or_internal_security,4,4,3,9,0.444444,0.057971
2024-11-21,9913f136f555e8d180895e7b13f3cc29,shipped,true,false,pgsql-bugs,6,1,0,7,0.857143,0.750000
2024-11-21,9913f136f555e8d180895e7b13f3cc29,shipped,true,false,pgsql-hackers,2,0,0,2,1.000000,0.250000
2024-11-21,9913f136f555e8d180895e7b13f3cc29,shipped,true,false,unknown_or_internal_not_security,0,0,0,1,0.000000,0.000000
2024-11-21,9913f136f555e8d180895e7b13f3cc29,shipped,true,false,unknown_or_internal_security,0,0,0,0,,0.000000
2025-02-13,4864ec4775ef5c58b98d9f148c2e9869,shipped,false,false,pgsql-bugs,23,0,4,35,0.657143,0.302632
2025-02-13,4864ec4775ef5c58b98d9f148c2e9869,shipped,false,false,pgsql-hackers,48,0,4,97,0.494845,0.631579
2025-02-13,4864ec4775ef5c58b98d9f148c2e9869,shipped,false,false,unknown_or_internal_not_security,4,0,0,20,0.200000,0.052632
2025-02-13,4864ec4775ef5c58b98d9f148c2e9869,shipped,false,false,unknown_or_internal_security,1,1,1,7,0.142857,0.013158
2025-02-20,5d3fad531dd3ceed47b48db21b213987,shipped,true,false,pgsql-bugs,0,0,0,0,,0.000000
2025-02-20,5d3fad531dd3ceed47b48db21b213987,shipped,true,false,pgsql-hackers,4,1,1,8,0.500000,1.000000
2025-02-20,5d3fad531dd3ceed47b48db21b213987,shipped,true,false,unknown_or_internal_not_security,0,0,0,1,0.000000,0.000000
2025-02-20,5d3fad531dd3ceed47b48db21b213987,shipped,true,false,unknown_or_internal_security,0,0,0,1,0.000000,0.000000
2025-05-08,745f1c86e5cdd8936f605bfc2f720903,shipped,false,false,pgsql-bugs,25,0,1,32,0.781250,0.396825
2025-05-08,745f1c86e5cdd8936f605bfc2f720903,shipped,false,false,pgsql-hackers,37,0,3,80,0.462500,0.587302
2025-05-08,745f1c86e5cdd8936f605bfc2f720903,shipped,false,false,unknown_or_internal_not_security,0,0,0,11,0.000000,0.000000
2025-05-08,745f1c86e5cdd8936f605bfc2f720903,shipped,false,false,unknown_or_internal_security,1,1,1,2,0.500000,0.015873
2025-08-14,b1036aa132d59c6301b245e14d25cebd,shipped,false,false,pgsql-bugs,20,0,2,23,0.869565,0.281690
2025-08-14,b1036aa132d59c6301b245e14d25cebd,shipped,false,false,pgsql-hackers,45,0,1,88,0.511364,0.633803
2025-08-14,b1036aa132d59c6301b245e14d25cebd,shipped,false,false,unknown_or_internal_not_security,3,0,1,35,0.085714,0.042254
2025-08-14,b1036aa132d59c6301b245e14d25cebd,shipped,false,false,unknown_or_internal_security,3,3,3,4,0.750000,0.042254
2025-11-13,c6d9135a49bdef377840c6e9b647981b,shipped,false,false,pgsql-bugs,25,0,2,24,1.041667,0.320513
2025-11-13,c6d9135a49bdef377840c6e9b647981b,shipped,false,false,pgsql-hackers,49,0,7,131,0.374046,0.628205
2025-11-13,c6d9135a49bdef377840c6e9b647981b,shipped,false,false,unknown_or_internal_not_security,2,0,0,20,0.100000,0.025641
2025-11-13,c6d9135a49bdef377840c6e9b647981b,shipped,false,false,unknown_or_internal_security,2,2,2,2,1.000000,0.025641
2026-02-12,cef63e90a9cb8fd660c730931ca1e05c,shipped,false,false,pgsql-bugs,16,0,0,18,0.888889,0.213333
2026-02-12,cef63e90a9cb8fd660c730931ca1e05c,shipped,false,false,pgsql-hackers,54,1,4,139,0.388489,0.720000
2026-02-12,cef63e90a9cb8fd660c730931ca1e05c,shipped,false,false,unknown_or_internal_not_security,1,0,0,24,0.041667,0.013333
2026-02-12,cef63e90a9cb8fd660c730931ca1e05c,shipped,false,false,unknown_or_internal_security,4,4,4,12,0.333333,0.053333
2026-02-26,40101526bfeb6f95bd7ee528cc8bffe0,shipped,true,false,pgsql-bugs,4,1,0,7,0.571429,0.444444
2026-02-26,40101526bfeb6f95bd7ee528cc8bffe0,shipped,true,false,pgsql-hackers,2,0,0,7,0.285714,0.222222
2026-02-26,40101526bfeb6f95bd7ee528cc8bffe0,shipped,true,false,unknown_or_internal_not_security,2,0,0,6,0.333333,0.222222
2026-02-26,40101526bfeb6f95bd7ee528cc8bffe0,shipped,true,false,unknown_or_internal_security,1,1,1,1,1.000000,0.111111
2026-05-14,33136a96e9bc3dc6b8eb26e468436406,shipped,false,false,pgsql-bugs,14,0,2,22,0.636364,0.191781
2026-05-14,33136a96e9bc3dc6b8eb26e468436406,shipped,false,false,pgsql-hackers,44,2,8,98,0.448980,0.602740
2026-05-14,33136a96e9bc3dc6b8eb26e468436406,shipped,false,false,unknown_or_internal_not_security,3,0,1,11,0.272727,0.041096
2026-05-14,33136a96e9bc3dc6b8eb26e468436406,shipped,false,false,unknown_or_internal_security,12,12,12,25,0.480000,0.164384
2026-08-13,10fa0d573d632725421808674378f487,shipped,false,false,pgsql-bugs,41,3,10,54,0.759259,0.288732
2026-08-13,10fa0d573d632725421808674378f487,shipped,false,false,pgsql-hackers,76,3,9,143,0.531469,0.535211
2026-08-13,10fa0d573d632725421808674378f487,shipped,false,false,unknown_or_internal_not_security,2,0,0,18,0.111111,0.014085
2026-08-13,10fa0d573d632725421808674378f487,shipped,false,false,unknown_or_internal_security,23,23,20,33,0.696970,0.161972
2026-11-12,908485dfcfcc6d43ee34661e0249105e,open,false,false,pgsql-bugs,,,,18,,
2026-11-12,908485dfcfcc6d43ee34661e0249105e,open,false,false,pgsql-hackers,,,,68,,
2026-11-12,908485dfcfcc6d43ee34661e0249105e,open,false,false,unknown_or_internal_not_security,,,,7,,
2026-11-12,908485dfcfcc6d43ee34661e0249105e,open,false,false,unknown_or_internal_security,,,,0,,
