dim_major_key,week_start,commit_hash,code_lines,doc_lines,test_lines,file_cnt
6f4922f45568161a8cdf4ad2299f6d23,2025-09-22,78a284b0b8d4add8457325b74144bd762156cb0e,2347335,326780,189254,4070
6f4922f45568161a8cdf4ad2299f6d23,2025-09-29,d83879a32b481f0e23cd8a14f7849cff3f8898b5,2347439,326780,189313,4070
6f4922f45568161a8cdf4ad2299f6d23,2025-10-06,9de72704e060720c58f75a715e3f217ad8635276,2347535,326780,189335,4070
6f4922f45568161a8cdf4ad2299f6d23,2025-10-13,aa1fcd087e5f709505aa0b9e15c1f3a0ce8b826c,2347673,326778,189336,4070
6f4922f45568161a8cdf4ad2299f6d23,2025-10-20,a2387c32f2f8a1643c7d71b951587e6bcb2d4744,2347856,326768,189404,4070
6f4922f45568161a8cdf4ad2299f6d23,2025-10-27,6c3b1df878a65bb76e21ed640add30391db8f1d7,2347949,326768,189432,4070
6f4922f45568161a8cdf4ad2299f6d23,2025-11-03,5632d2f5deca271af7dd26a8e2a4a28f45f003dd,2349350,327912,189512,4070
6f4922f45568161a8cdf4ad2299f6d23,2025-11-10,bcfca332f100061e056283f237df009f570aff8b,2350042,328094,189617,4071
6f4922f45568161a8cdf4ad2299f6d23,2025-11-17,912cfa3146ce4891671c34207177fd36bd155c09,2350079,328100,189627,4071
6f4922f45568161a8cdf4ad2299f6d23,2025-11-24,4061992ea83adbfc6b0e4fa202d314ace83a2458,2350199,328114,189685,4071
6f4922f45568161a8cdf4ad2299f6d23,2025-12-01,18b349315ae7e00261732f514d6c91d713bb77d0,2350257,328114,189631,4071
6f4922f45568161a8cdf4ad2299f6d23,2025-12-08,580b5c2f397fbb2f74c2661cfe53203ed6acead0,2350642,328113,189957,4073
6f4922f45568161a8cdf4ad2299f6d23,2025-12-15,a7d06e74d51209702fe0712214aac07f863ec36a,2350819,328117,189957,4073
6f4922f45568161a8cdf4ad2299f6d23,2025-12-22,61c78e1f494cc737807c9fa7f1de0d8c39b53428,2351017,328123,190031,4073
6f4922f45568161a8cdf4ad2299f6d23,2025-12-29,789016be8ef015f65e9f76e5a58945b7b93f17b7,2351287,328123,190087,4073
6f4922f45568161a8cdf4ad2299f6d23,2026-01-05,56e1f501010fc79fd1d11df6fd04eec463d40319,2351384,328125,190125,4073
6f4922f45568161a8cdf4ad2299f6d23,2026-01-12,6574bee6459e73c42816ac7ec16e6b6b6197000c,2351467,328136,190125,4073
6f4922f45568161a8cdf4ad2299f6d23,2026-01-19,c6ce4dcf9d3b7a8a89aca386124c473f98fc329e,2351753,328151,190169,4074
6f4922f45568161a8cdf4ad2299f6d23,2026-01-26,d5a4856ffe1815774ba4dc46a6fa453e856f72a3,2351951,328151,190255,4074
6f4922f45568161a8cdf4ad2299f6d23,2026-02-02,b0f5d25bc3679afaed69d367c72efd387c763d04,2354947,329779,190639,4079
6f4922f45568161a8cdf4ad2299f6d23,2026-02-09,6e045e1a6e3f1a55d3d246f8258f3316410b26f6,2355604,329994,190660,4079
6f4922f45568161a8cdf4ad2299f6d23,2026-02-16,24a590112cfbdac79f98472170c68b944e3a0b07,2355927,330273,190693,4079
6f4922f45568161a8cdf4ad2299f6d23,2026-02-23,c2c1962a64b547412c88fa2728e4fa35e65f4c90,2356028,330274,190699,4080
6f4922f45568161a8cdf4ad2299f6d23,2026-03-02,3a9cf1c925a0430264be3bd993f10b75c408b05e,2356622,330278,191200,4084
6f4922f45568161a8cdf4ad2299f6d23,2026-03-09,0e5ff9b9b45a657aea12440478dc002e9b01f138,2356780,330280,191259,4084
6f4922f45568161a8cdf4ad2299f6d23,2026-03-16,5f9642614275a56c93774ce536feaa4c27ee2525,2356802,330280,191270,4084
6f4922f45568161a8cdf4ad2299f6d23,2026-03-23,5095f3f4a0dc2a91d1580598a4da8790a44aa7d2,2356883,330280,191270,4084
6f4922f45568161a8cdf4ad2299f6d23,2026-03-30,5079e420b92db58412f2af03c728ff1640bdc103,2357131,330286,191354,4084
6f4922f45568161a8cdf4ad2299f6d23,2026-04-06,b081c5b07309e5f95fec90eef5041bcc7a25a794,2357558,330286,191494,4084
6f4922f45568161a8cdf4ad2299f6d23,2026-04-13,7a8c4344f749418ec8d7f4d51a6073696526217e,2357704,330287,191613,4085
6f4922f45568161a8cdf4ad2299f6d23,2026-04-20,8a431b6d676b2279670fb7771115ce71618e1377,2358251,330291,191881,4085
6f4922f45568161a8cdf4ad2299f6d23,2026-04-27,ac3b97db380ad6295e6fe582c64dd80ae32d4b94,2358818,330296,191989,4087
6f4922f45568161a8cdf4ad2299f6d23,2026-05-04,122adefc94a4dc4e97b4fd5c3328e7dc5b58ebd0,2360605,331656,192144,4087
6f4922f45568161a8cdf4ad2299f6d23,2026-05-11,dc3db3a8349bd164354ef5b6c94d1c0c2adc651c,2362292,332172,192572,4089
6f4922f45568161a8cdf4ad2299f6d23,2026-05-18,b903d17927eecab8dd741eb71f04eee5a1182eff,2362329,332172,192596,4090
6f4922f45568161a8cdf4ad2299f6d23,2026-05-25,380a8b2ea024c33a35e7abc8628e7c4f52f9f9f9,2362739,332177,192721,4091
6f4922f45568161a8cdf4ad2299f6d23,2026-06-01,2b09f8a9110a5de217fa59dfb3215686def7dc36,2362721,332177,192804,4091
6f4922f45568161a8cdf4ad2299f6d23,2026-06-08,b4db796b192cdbe6a78c8e3ef3d235c236e09528,2363078,332219,192939,4091
6f4922f45568161a8cdf4ad2299f6d23,2026-06-15,aa80c34c85f4eb81d515f341b663bd196d18837c,2363443,332219,193029,4091
6f4922f45568161a8cdf4ad2299f6d23,2026-06-22,5fd1c3f287189cfa4bff4ac3492c313417dff7c9,2363692,332220,193041,4091
6f4922f45568161a8cdf4ad2299f6d23,2026-06-29,a7f7958ab6bf368236334ce52e45be5e7502d2e7,2364247,332227,193099,4092
6f4922f45568161a8cdf4ad2299f6d23,2026-07-06,d1d9688b1f92590110cb868ce4f65f39da0af2a8,2365511,332228,193553,4092
6f4922f45568161a8cdf4ad2299f6d23,2026-07-13,21f5e659e7587abf640f9c4aaff2238e3c3ff683,2366518,332236,193612,4093
6f4922f45568161a8cdf4ad2299f6d23,2026-07-20,d560e730e813343b8d3f4a336244f2bc09ca84fc,2366586,332243,193641,4093
6f4922f45568161a8cdf4ad2299f6d23,2026-07-27,81b1e79166a524b95628f8d459571f1b029fe19e,2367938,332244,193893,4097
6f4922f45568161a8cdf4ad2299f6d23,2026-08-03,a4c41bbcc7b0aed721950303338d75b09eddc295,2370828,334836,193915,4097
6f4922f45568161a8cdf4ad2299f6d23,2026-08-10,0391fee2dc30c801fc17a1eeb6a82448d359e052,2373901,335977,194180,4097
6f4922f45568161a8cdf4ad2299f6d23,2026-08-17,9448c3e7ba5c40aadf07e1109685a3691d60880b,2374324,335972,194302,4097
6f4922f45568161a8cdf4ad2299f6d23,2026-08-24,1f02a1e488f7b0f4c962a19d6b7b8e172f97d9c2,2374566,335972,194833,4098
6f4922f45568161a8cdf4ad2299f6d23,2026-08-31,e075a10719c1a426d4602ffd4c52d5ee79b084b1,2374598,335971,194845,4098
70efdf2ec9b086079795c442636b55fb,2024-09-23,da99df15c25d9c769f24a721f34ed062d0b5d4d2,2226964,317719,167652,3901
70efdf2ec9b086079795c442636b55fb,2024-09-30,3daeb539a66acce5d8870b2b0d99d4ec9a2c0314,2227188,317719,167689,3902
70efdf2ec9b086079795c442636b55fb,2024-10-07,54889ea64baaa5970330a0097fb6689ee1af7591,2227254,317727,167697,3902
70efdf2ec9b086079795c442636b55fb,2024-10-14,e9959ff71c4065b2e2912e4982bba9d5e2eef279,2227342,317727,167717,3902
70efdf2ec9b086079795c442636b55fb,2024-10-21,bfd5c6e279c8e1702eea882439dc7ebdf4d4b3a5,2227909,317727,167778,3902
70efdf2ec9b086079795c442636b55fb,2024-10-28,54bc22fbf6ede8aac765acee5ac3a9d50604fb5f,2227768,317742,167796,3902
70efdf2ec9b086079795c442636b55fb,2024-11-04,ca19f881b071fa57ee469fbc27b520fbb0c67280,2229283,318773,167855,3905
70efdf2ec9b086079795c442636b55fb,2024-11-11,9ac1003320fd34f7f3f89443213b714d42cc9c8e,2230397,319189,167996,3908
70efdf2ec9b086079795c442636b55fb,2024-11-18,e3b249c6d8f33227a5ee58f9b2d187e7ce71b4c7,2230438,319191,167996,3908
70efdf2ec9b086079795c442636b55fb,2024-11-25,a963abd549e9e2b518460ccf31ea3728214207c0,2230723,319193,168049,3908
70efdf2ec9b086079795c442636b55fb,2024-12-02,ec7b89cc533aaa8356b018e557b252047330b471,2230816,319169,168050,3908
70efdf2ec9b086079795c442636b55fb,2024-12-09,ff9dc96f370aa33a5c1c578c43c598473705d82f,2231046,319172,168057,3909
70efdf2ec9b086079795c442636b55fb,2024-12-16,7cfdb4d1e778349b47e34413a26e931d9b07dda6,2231157,319176,168070,3909
70efdf2ec9b086079795c442636b55fb,2024-12-23,03c46e1f26a118c279930d64b343d2dcf8684013,2231301,319176,168068,3909
70efdf2ec9b086079795c442636b55fb,2024-12-30,591128f9c9c0e0b9c511c5eba6f889bd1daf3c4c,2231437,319177,168115,3909
70efdf2ec9b086079795c442636b55fb,2025-01-06,dc24c9ad527fea408ec381208902f2dd412ba9bd,2231491,319177,168123,3909
70efdf2ec9b086079795c442636b55fb,2025-01-13,d1bf86a6221177248669db56f9572bae5add026d,2231627,319177,168228,3910
70efdf2ec9b086079795c442636b55fb,2025-01-20,f4af4515bb5f3591d49bc16b6cb8ddbf66f98374,2232019,319202,168469,3912
70efdf2ec9b086079795c442636b55fb,2025-01-27,254834943388faf950acd5b00308177886b31805,2232085,319202,168469,3912
70efdf2ec9b086079795c442636b55fb,2025-02-03,878635daaae548d4e6a58224c0bb04bea1ea2bcb,2233704,320778,168469,3912
70efdf2ec9b086079795c442636b55fb,2025-02-10,848e2c6abc941267a4b2eb00a57c34ef3165ffb3,2235243,320991,169498,3914
70efdf2ec9b086079795c442636b55fb,2025-02-17,16eff4261f46a4820ee628d160c53ab2a07eef49,2235571,320993,169707,3914
70efdf2ec9b086079795c442636b55fb,2025-02-24,d69c781084f580c17e9acae607798469c7c2e44e,2235618,320997,169745,3914
70efdf2ec9b086079795c442636b55fb,2025-03-03,43847dd5e93816ef6e37dfb6c8bb7f98f48ddc01,2235839,320999,169832,3914
70efdf2ec9b086079795c442636b55fb,2025-03-10,09ef2f8df1cd746d711ffd916bdd2e9526c51b65,2235995,320999,169889,3914
70efdf2ec9b086079795c442636b55fb,2025-03-17,302ce5bd93b48549bf6717512ea92252319dc944,2236046,320996,169902,3914
70efdf2ec9b086079795c442636b55fb,2025-03-24,25303678a1d334200c0f1446eef2ebe1aaf2709b,2236117,320996,169915,3914
70efdf2ec9b086079795c442636b55fb,2025-03-31,4c1d853fd8c7ed832a231699512dc3f0fb6376fd,2236269,321000,169935,3914
70efdf2ec9b086079795c442636b55fb,2025-04-07,8c153fcfa0d6281f4d2754dfdc74055aee86814e,2236477,320998,169936,3914
70efdf2ec9b086079795c442636b55fb,2025-04-14,e297ddcfb7d37f54567b9a9bb87ef15e0aedc0d5,2236695,320998,170043,3916
70efdf2ec9b086079795c442636b55fb,2025-04-21,d96206f259d6799de066c6fa88a4b51c494f7167,2236769,320996,170120,3916
70efdf2ec9b086079795c442636b55fb,2025-04-28,09fac4a28daa49af91d2af28348267efe916c95b,2238109,322313,170143,3916
70efdf2ec9b086079795c442636b55fb,2025-05-05,e65d8be042f743a7a839ec8df5c9005b8811d06f,2238336,322346,170285,3916
70efdf2ec9b086079795c442636b55fb,2025-05-12,5355a2400e847b1a7e7a3d9eea9516588d0fad91,2238349,322348,170287,3916
70efdf2ec9b086079795c442636b55fb,2025-05-19,cd3064f9898c8753bc50983b47dbdc7390cdfb83,2238445,322351,170291,3916
70efdf2ec9b086079795c442636b55fb,2025-05-26,6f724fcf8136dc4c229e66122fcf6710a4040d9a,2238889,322354,170367,3917
70efdf2ec9b086079795c442636b55fb,2025-06-02,839802792f0132fd8f7fe7f9acc9520114db5ddf,2238930,322353,170367,3917
70efdf2ec9b086079795c442636b55fb,2025-06-09,32ab0fd55da5b667a25e56bd74e258bb8eca6cf3,2239307,322353,170639,3919
70efdf2ec9b086079795c442636b55fb,2025-06-16,2499c3490b2f4b2048e4d476405dee996026ac0d,2239563,322418,170641,3919
70efdf2ec9b086079795c442636b55fb,2025-06-23,bbfcbc4cde4a9fb5b1d91acc3d8efc6f868c2684,2239943,322416,170963,3921
70efdf2ec9b086079795c442636b55fb,2025-06-30,c911e7802e1de2a5a2d70e52b8d2b50ef768c2c1,2240175,322442,170995,3921
70efdf2ec9b086079795c442636b55fb,2025-07-07,50959f96e7b17c3f225919edbec4072c033aef60,2240221,322474,171003,3921
70efdf2ec9b086079795c442636b55fb,2025-07-14,227d0ce18af90f89a9e886ddbc0bb8aaf2ec2750,2240374,322506,171016,3921
70efdf2ec9b086079795c442636b55fb,2025-07-21,13559de95383b493a6e6384dcb621947bb8bcc23,2240519,322506,171016,3921
70efdf2ec9b086079795c442636b55fb,2025-07-28,398e07162eca184c990c92fb69a50a993a723bb6,2240894,322511,171038,3922
70efdf2ec9b086079795c442636b55fb,2025-08-04,024123a0d38e3f3fdcbab411eb01cba4b36adc86,2242764,324175,171049,3922
70efdf2ec9b086079795c442636b55fb,2025-08-11,61c37630774002fb36a5fa17f57caa3a9c2165d9,2243527,324444,171149,3922
70efdf2ec9b086079795c442636b55fb,2025-08-18,49a09c6c51c0d642e87086bbc7eb748c200d3f43,2243711,324446,171292,3923
70efdf2ec9b086079795c442636b55fb,2025-08-25,92268b35d04c2de416279f187d12f264afa22614,2243817,324446,171304,3923
70efdf2ec9b086079795c442636b55fb,2025-09-01,6195afbe536afd7b25aa78001d7510ed111f0404,2243946,324446,171370,3923
70efdf2ec9b086079795c442636b55fb,2025-09-08,e09adb5b9fc9dec27c7ff9e9592723d7d8098b03,2244223,324449,171426,3923
70efdf2ec9b086079795c442636b55fb,2025-09-15,b948c575a6d1270387c044111da0ed2ab99eb1f4,2244379,324449,171457,3923
70efdf2ec9b086079795c442636b55fb,2025-09-22,3fc9aa5b0233883e0f73902200777d251e848e18,2244391,324449,171457,3923
70efdf2ec9b086079795c442636b55fb,2025-09-29,1c4671f7b7c378cc26d1953785a3aa249152958b,2244499,324449,171520,3923
70efdf2ec9b086079795c442636b55fb,2025-10-06,eac2b1697d48b2ee5e6836fb63ae0966363055c2,2244583,324449,171542,3923
70efdf2ec9b086079795c442636b55fb,2025-10-13,2efca163399ba1be4c2991635960ed509f6e7cfd,2244683,324447,171543,3923
70efdf2ec9b086079795c442636b55fb,2025-10-20,0d307461538082880151c804e037ab3bd85936e7,2244826,324437,171593,3923
70efdf2ec9b086079795c442636b55fb,2025-10-27,436d9ed690ebad81df2f98d702e2578def002699,2244789,324437,171601,3923
70efdf2ec9b086079795c442636b55fb,2025-11-03,d40ad00c2f5af68370de553343ea323f8c24d8eb,2246511,325994,171668,3923
70efdf2ec9b086079795c442636b55fb,2025-11-10,d66a922f9247ceaa6caed9b51ce686f12e280091,2247198,326176,171773,3924
70efdf2ec9b086079795c442636b55fb,2025-11-17,60215eae7c4285e526fdf607074a28140552d3c5,2247239,326176,171783,3924
70efdf2ec9b086079795c442636b55fb,2025-11-24,c090965036631775942f5e4ff3c836fc6003c819,2247324,326190,171821,3924
70efdf2ec9b086079795c442636b55fb,2025-12-01,cad40cec24f338a4ac8004b58301c0809df48c03,2247428,326190,171821,3924
70efdf2ec9b086079795c442636b55fb,2025-12-08,0bab0c3b74af29d05bdd401c8ebe658389a64507,2247762,326189,172145,3926
70efdf2ec9b086079795c442636b55fb,2025-12-15,d4549176eabd3845475643b7b950dbb03795fbdd,2248191,326189,172123,3926
70efdf2ec9b086079795c442636b55fb,2025-12-22,52b27f5859f6bf747fbb8275302fac962b645312,2248268,326195,172174,3926
70efdf2ec9b086079795c442636b55fb,2025-12-29,498b163a161e2a545a327ae5604682d5e00f3dfa,2248307,326195,172174,3926
70efdf2ec9b086079795c442636b55fb,2026-01-05,862f83f3aa402f485877f50d5049decc14959283,2248398,326197,172201,3926
70efdf2ec9b086079795c442636b55fb,2026-01-12,f87c0b84e88a968af3fda4471cdd696559a5934a,2248452,326208,172201,3926
70efdf2ec9b086079795c442636b55fb,2026-01-19,c5fc17ddaccff14bc22217df2b06ed43a5af16ba,2248655,326223,172205,3927
70efdf2ec9b086079795c442636b55fb,2026-01-26,241803febff453c1b243b48c4a0dfc3ac07fd346,2248775,326223,172289,3927
70efdf2ec9b086079795c442636b55fb,2026-02-02,10ebc4bd67ec46009e18215e77347390b29d70b3,2251198,327452,172671,3932
70efdf2ec9b086079795c442636b55fb,2026-02-09,5d5232bc38d36a30b569396f15e5a22cd6ee529b,2251833,327638,172692,3932
70efdf2ec9b086079795c442636b55fb,2026-02-16,494f9f58a8884c0308dfa7045855edec4579d27a,2252052,327832,172718,3932
70efdf2ec9b086079795c442636b55fb,2026-02-23,596a400df7a273398dc471b07729f8af09cb6e40,2252123,327833,172718,3933
70efdf2ec9b086079795c442636b55fb,2026-03-02,bbbc0888b356af7687fc917e7835701a75955503,2252718,327837,173219,3937
70efdf2ec9b086079795c442636b55fb,2026-03-09,2fa42feb7921d9486d56a38608d2b27b8f4e607c,2252876,327839,173278,3937
70efdf2ec9b086079795c442636b55fb,2026-03-16,6ccfc44922123d497501a491b8becfca7b0096bb,2252894,327839,173283,3937
70efdf2ec9b086079795c442636b55fb,2026-03-23,f1298a4c207262efe023af92ca76bef2c5227c56,2252960,327839,173283,3937
70efdf2ec9b086079795c442636b55fb,2026-03-30,0a2291b59f9b7f44b2b2c362fad60ca9ff026a60,2253070,327849,173283,3937
70efdf2ec9b086079795c442636b55fb,2026-04-06,a4fefb3e0dc5451166ebef6adcc082a57ddba039,2253351,327849,173321,3937
70efdf2ec9b086079795c442636b55fb,2026-04-13,0d09492a745b9f054c595ea785cbd119d7018b44,2253487,327850,173440,3938
70efdf2ec9b086079795c442636b55fb,2026-04-20,4c0eab6f0bf4c4b689a71a361d5528a854ba4557,2254012,327854,173641,3938
70efdf2ec9b086079795c442636b55fb,2026-04-27,1cf010f216138c6d580107589c9e42de72da37f2,2254315,327859,173683,3940
70efdf2ec9b086079795c442636b55fb,2026-05-04,c2e6deea668b6e001b0c4a8b24322ce38ff999e5,2255668,328945,173786,3940
70efdf2ec9b086079795c442636b55fb,2026-05-11,15f4e3d0ce92474220fcc83f789c45051c77da0f,2257381,329439,174237,3943
70efdf2ec9b086079795c442636b55fb,2026-05-18,c89499a79898c20907308a009000a8967c8c272c,2257406,329439,174258,3944
70efdf2ec9b086079795c442636b55fb,2026-05-25,60300c191634cf6036d52386f17399a493874588,2257730,329439,174383,3945
70efdf2ec9b086079795c442636b55fb,2026-06-01,4801610f7c66661f2b8722a2c5561273e210960b,2257618,329439,174403,3945
70efdf2ec9b086079795c442636b55fb,2026-06-08,6e49974e86d3f183d74bfedd5e91a4f7d48d3e1b,2257855,329481,174445,3945
70efdf2ec9b086079795c442636b55fb,2026-06-15,f0a831ef3e68d64520ca3543424c49dca7f7aa95,2258079,329481,174501,3945
70efdf2ec9b086079795c442636b55fb,2026-06-22,d424d06ed2d6c6f0f11c515248a9b22e8d1a794a,2258112,329482,174501,3945
70efdf2ec9b086079795c442636b55fb,2026-06-29,e99fb3262441b47d88632b2857f03083be67f3e3,2258664,329489,174559,3946
70efdf2ec9b086079795c442636b55fb,2026-07-06,885dc83380999842fb568af292529ea089c93d89,2259196,329490,174731,3946
70efdf2ec9b086079795c442636b55fb,2026-07-13,cdcec567da1ba72e1cf9daa8356463ca23682f54,2260046,329493,174770,3947
70efdf2ec9b086079795c442636b55fb,2026-07-20,8434c938598d64f972aceb564104397787a21997,2260113,329500,174799,3947
70efdf2ec9b086079795c442636b55fb,2026-07-27,634a8dcb8f64bed1a74a465c707ee25cb6178fea,2260836,329501,175008,3949
70efdf2ec9b086079795c442636b55fb,2026-08-03,6edf76ee3d4969ab6ca9c63ba3f7da2049fbd479,2262997,331451,175030,3949
70efdf2ec9b086079795c442636b55fb,2026-08-10,786db8dcf168bd9df8f55047337525ac19118b1c,2265919,332582,175240,3949
70efdf2ec9b086079795c442636b55fb,2026-08-17,aa14281fdde6b2cc7a794dd02bc128dd0cb20b45,2266186,332577,175350,3949
70efdf2ec9b086079795c442636b55fb,2026-08-24,e96b27296bec1c6212874eceb394b4f8b7d06dcc,2266563,332577,175677,3950
70efdf2ec9b086079795c442636b55fb,2026-08-31,680f707fb2e4e3a954137e027e89afbf2d6f7944,2266595,332576,175689,3950
9bf31c7ff062936a96d3c8bd1f8f2ff3,2022-10-10,d4abb0bc5abb5dcb351956aed70f317a6bc494ba,2089516,304494,140150,3662
9bf31c7ff062936a96d3c8bd1f8f2ff3,2022-10-17,4a6de748d3429cfa081942c46411d62341867bfd,2089634,304504,140164,3662
9bf31c7ff062936a96d3c8bd1f8f2ff3,2022-10-24,3395cc1dbae5f5713373e59510425138da8cecb4,2089652,304504,140171,3662
9bf31c7ff062936a96d3c8bd1f8f2ff3,2022-10-31,ca3f0d44ac6a6794a89e59b1ff80613b12c792ba,2090399,305115,140172,3662
9bf31c7ff062936a96d3c8bd1f8f2ff3,2022-11-07,f754e7600a9284b6de8eb78b6b64aa9b46dc80db,2090520,305176,140202,3662
9bf31c7ff062936a96d3c8bd1f8f2ff3,2022-11-14,a0d35ebcc570265405a293e509dccbdf0fd5ee45,2090525,305176,140206,3662
9bf31c7ff062936a96d3c8bd1f8f2ff3,2022-11-21,b5d8fd4182f24ee489aa6bb72308f8712cd8810d,2090846,305176,140242,3663
9bf31c7ff062936a96d3c8bd1f8f2ff3,2022-11-28,834d97c32b712c170594378d27385638c5b87c60,2091094,305183,140331,3663
9bf31c7ff062936a96d3c8bd1f8f2ff3,2022-12-05,04788ee4c5efcfbf026b968a064fcdd74fcba154,2091210,305196,140384,3663
9bf31c7ff062936a96d3c8bd1f8f2ff3,2022-12-12,ae98debf77d4aba7caa305fa4957577528699470,2091311,305198,140411,3663
9bf31c7ff062936a96d3c8bd1f8f2ff3,2022-12-19,d8209d09170f0029663da4335979b4f49d48b6be,2091347,305203,140411,3663
9bf31c7ff062936a96d3c8bd1f8f2ff3,2022-12-26,dc513bc6544dd7f49a1c2d3bf06c77dbc2b5c9c3,2091364,305203,140424,3663
9bf31c7ff062936a96d3c8bd1f8f2ff3,2023-01-02,18b81258ab60cdd172329fe80dd2314d587bd551,2091622,305230,140433,3663
9bf31c7ff062936a96d3c8bd1f8f2ff3,2023-01-09,db9127c58cbaa748d00055ce10c6bf50a7fbcc1e,2091596,305156,140475,3663
9bf31c7ff062936a96d3c8bd1f8f2ff3,2023-01-16,9e4288ce6d30024de1586fefa6db077c5f9122c2,2092088,305156,140996,3663
9bf31c7ff062936a96d3c8bd1f8f2ff3,2023-01-23,d9f5345bf90799a992995d935b712e5040830732,2092105,305156,141009,3663
9bf31c7ff062936a96d3c8bd1f8f2ff3,2023-01-30,80d43843e70aaa168d17f9a0c2ecc8c88a46b430,2093299,306370,140961,3662
9bf31c7ff062936a96d3c8bd1f8f2ff3,2023-02-06,0ef65d0f55e5cec81fe98aba7c907dfc1b93923f,2093364,306398,140951,3662
9bf31c7ff062936a96d3c8bd1f8f2ff3,2023-02-13,305d89ad93ff6eb3eecae485bbfb2531a349906f,2093447,306398,140979,3662
9bf31c7ff062936a96d3c8bd1f8f2ff3,2023-02-20,696fa4749b98035f6d8967df77332496bdf970ac,2093914,306442,141133,3663
9bf31c7ff062936a96d3c8bd1f8f2ff3,2023-02-27,f61e60102f08305f3cb9e55a7958b8036a02fe39,2093968,306451,141149,3663
9bf31c7ff062936a96d3c8bd1f8f2ff3,2023-03-06,9e236f94367639308cff62a33bc1ed815cf0f50c,2094192,306451,141205,3663
9bf31c7ff062936a96d3c8bd1f8f2ff3,2023-03-13,8995eac6c42465c2e866d3670fdb63f7bfbbabc2,2094588,306455,141242,3664
9bf31c7ff062936a96d3c8bd1f8f2ff3,2023-03-20,7c4873438fd4c89da40beb943a373c61ae509e93,2094753,306483,141315,3664
9bf31c7ff062936a96d3c8bd1f8f2ff3,2023-03-27,6e369817367cc3a9d0db368383a4430733883142,2094847,306487,141337,3664
9bf31c7ff062936a96d3c8bd1f8f2ff3,2023-04-03,ced712f1a1d60d5e24d207d97efbc4dddc051079,2094880,306491,141367,3664
9bf31c7ff062936a96d3c8bd1f8f2ff3,2023-04-10,c53ed26ea46e425c1a78bd0e72b74a541eb08a93,2095110,306509,141407,3666
9bf31c7ff062936a96d3c8bd1f8f2ff3,2023-04-17,214495dc5b712552d3938d5f03acddfedc8a81ca,2095284,306512,141407,3666
9bf31c7ff062936a96d3c8bd1f8f2ff3,2023-04-24,ce9a1a3ea8fe672a46502070d421f107f43d35dd,2095484,306512,141477,3667
9bf31c7ff062936a96d3c8bd1f8f2ff3,2023-05-01,b89a27ae554492501cfcd6492c9a9fc30be1dc7b,2097457,308242,141526,3667
9bf31c7ff062936a96d3c8bd1f8f2ff3,2023-05-08,bc478a0a85bc8660bfa251866f85c673e4be84ac,2097697,308314,141594,3668
9bf31c7ff062936a96d3c8bd1f8f2ff3,2023-05-15,4729d1e8aab90bc5861a4ff01fc306ebf1bec433,2098035,308313,141594,3668
9bf31c7ff062936a96d3c8bd1f8f2ff3,2023-05-22,6983a511288cca3ed0c40f7e5f71c4c94010293a,2098071,308314,141594,3668
9bf31c7ff062936a96d3c8bd1f8f2ff3,2023-05-29,0aa5e4af1bda2d55f31c2f70fa09a188985d8d4a,2098177,308332,141594,3668
9bf31c7ff062936a96d3c8bd1f8f2ff3,2023-06-05,e25e5f7fc6b74c9d4ce82627e9145ef5537412e2,2098188,308332,141590,3668
9bf31c7ff062936a96d3c8bd1f8f2ff3,2023-06-12,35470357ee4c6f05b78926d3e07a45d8712f3130,2098245,308332,141610,3669
9bf31c7ff062936a96d3c8bd1f8f2ff3,2023-06-19,a77d901714416f6bd4343c367585b060f385bbbc,2098330,308344,141646,3669
9bf31c7ff062936a96d3c8bd1f8f2ff3,2023-06-26,f50200c0163c1dbb5aa015828e8bf32b50a2cd29,2098474,308344,141717,3669
9bf31c7ff062936a96d3c8bd1f8f2ff3,2023-07-03,3883ef3236e583cd21cea1fdb469f4c13a11a82d,2098526,308343,141738,3669
9bf31c7ff062936a96d3c8bd1f8f2ff3,2023-07-10,eb3abec4b67d2b51406c23030dd87643fa2024c2,2098996,308344,141938,3670
9bf31c7ff062936a96d3c8bd1f8f2ff3,2023-07-17,fbaf65cd65f4f0810dab9f2b3e840e68d8b959eb,2099047,308360,141938,3670
9bf31c7ff062936a96d3c8bd1f8f2ff3,2023-07-24,d1ef5631e620f9a5b6480a32bb70124c857af4f1,2099109,308360,141938,3670
9bf31c7ff062936a96d3c8bd1f8f2ff3,2023-07-31,accf4f84887eb8b53978a0dbf9cb5656e1779fcb,2100108,309355,141938,3670
9bf31c7ff062936a96d3c8bd1f8f2ff3,2023-08-07,1bc19dfcfea71e7ed03eff9d72072579bd678b4c,2100321,309442,141986,3671
9bf31c7ff062936a96d3c8bd1f8f2ff3,2023-08-14,62017cb51ff9f1ff6aa94bdf26d9cc290d4ffe48,2100322,309442,141986,3671
9bf31c7ff062936a96d3c8bd1f8f2ff3,2023-08-21,8700851352a89e9e78da9df31fd6d3a75df98470,2100411,309320,142016,3671
9bf31c7ff062936a96d3c8bd1f8f2ff3,2023-08-28,5a9325fdde1d8ab8031fa09ebd0f63dc3f967a0a,2100431,309320,142016,3671
9bf31c7ff062936a96d3c8bd1f8f2ff3,2023-09-04,ad6508c104f746e56e0e86c03febecc8d66b0b98,2100450,309329,142025,3671
9bf31c7ff062936a96d3c8bd1f8f2ff3,2023-09-11,2679a107a152de3f88602a41f8651ec82e4d6205,2100500,309329,142050,3671
9bf31c7ff062936a96d3c8bd1f8f2ff3,2023-09-18,21b4c3ca0b22761eccdc55c265a12c6296c10068,2101074,309342,142574,3672
9bf31c7ff062936a96d3c8bd1f8f2ff3,2023-09-25,55e188a15e8ab0fdafca8cc612f9e0d1a1802bde,2101352,309370,142587,3672
9bf31c7ff062936a96d3c8bd1f8f2ff3,2023-10-02,bb912563059c789932efc423ad2092b7638249be,2101362,309370,142587,3672
9bf31c7ff062936a96d3c8bd1f8f2ff3,2023-10-09,606be8a35d9726b6c0468428b6262e58d9e308af,2101510,309384,142645,3672
9bf31c7ff062936a96d3c8bd1f8f2ff3,2023-10-16,0e49e23782c55237f54aa60ed7a2b755b47cd4a2,2101981,309467,142681,3672
9bf31c7ff062936a96d3c8bd1f8f2ff3,2023-10-23,5f06918399f07d46c15756bea84d8d5665ebfa57,2102065,309453,142799,3672
9bf31c7ff062936a96d3c8bd1f8f2ff3,2023-10-30,bea89120530ebd2d10b57f0f37436c2054997a3c,2103677,310812,142800,3673
9bf31c7ff062936a96d3c8bd1f8f2ff3,2023-11-06,c0bfdaf2b773d9e0de343c768dfbb89c250ae439,2103965,310925,142874,3673
9bf31c7ff062936a96d3c8bd1f8f2ff3,2023-11-13,0177fc773e3c6cfafbcfc8e447c013bd2dfe3672,2104250,310942,142925,3673
9bf31c7ff062936a96d3c8bd1f8f2ff3,2023-11-20,c7bd476049ca43ed86faae02c7c1cc3553ebe93c,2104295,310954,142940,3673
9bf31c7ff062936a96d3c8bd1f8f2ff3,2023-11-27,0e4674a697d5bdb9f3136005f0467c874b28e6d7,2104377,310956,142993,3673
9bf31c7ff062936a96d3c8bd1f8f2ff3,2023-12-04,b9f687f5abaf40c13fed59fe08014116a8344102,2104420,310956,142993,3673
9bf31c7ff062936a96d3c8bd1f8f2ff3,2023-12-11,afc987e196107b0887314838256a885af05b8714,2104511,310989,142993,3673
9bf31c7ff062936a96d3c8bd1f8f2ff3,2023-12-18,ab04c1901d0d55039330bc02f9f4e1024b2a95dc,2104614,310989,143077,3673
9bf31c7ff062936a96d3c8bd1f8f2ff3,2023-12-25,1e0841426e968f184277e7638227b16fb3cdca7a,2104777,311058,143077,3675
9bf31c7ff062936a96d3c8bd1f8f2ff3,2024-01-01,940ab02b53eb3a3babc9dd4dea261f5a6d8aa334,2104786,311058,143077,3675
9bf31c7ff062936a96d3c8bd1f8f2ff3,2024-01-08,1a4e54617398ff916ddebe69d1197b795f693c65,2104914,311060,143089,3675
9bf31c7ff062936a96d3c8bd1f8f2ff3,2024-01-15,de2d393a8a870750f4d03ad771541f4600b9f23b,2105065,311060,143089,3676
9bf31c7ff062936a96d3c8bd1f8f2ff3,2024-01-22,86b6243a8ea92760679b6d9a8bbaab562b27a9db,2105138,311060,143100,3676
9bf31c7ff062936a96d3c8bd1f8f2ff3,2024-01-29,9a3cf3477617d8f4e296bc0b9f69d956dc601a74,2106857,312373,143178,3676
9bf31c7ff062936a96d3c8bd1f8f2ff3,2024-02-05,26c89d10543ad832bd4d2ce6eb00948575c2db07,2106993,312417,143213,3676
9bf31c7ff062936a96d3c8bd1f8f2ff3,2024-02-12,1d577f2eaa88b1d4caab3e859a01d25ecd9f81c5,2106970,312353,143213,3676
9bf31c7ff062936a96d3c8bd1f8f2ff3,2024-02-19,940489b46769eb2d2997227053ab6ca76a2ac857,2107158,312370,143254,3678
9bf31c7ff062936a96d3c8bd1f8f2ff3,2024-02-26,55ea12a2827791b7fb3f30b207a122a35df951d8,2107227,312372,143283,3678
9bf31c7ff062936a96d3c8bd1f8f2ff3,2024-03-04,ab64b275ad8f3bd15a3aa77308620fad80e07b62,2107350,312372,143296,3678
9bf31c7ff062936a96d3c8bd1f8f2ff3,2024-03-11,89ee14a2f22b2353a6cf9d193c54504b4d3131f5,2107585,312392,143420,3678
9bf31c7ff062936a96d3c8bd1f8f2ff3,2024-03-18,0d466bce9ee19a5f7ef6c2964376aa6572ef76fd,2107643,312395,143420,3678
9bf31c7ff062936a96d3c8bd1f8f2ff3,2024-03-25,03561a6c7bbfe305b941d46f7bafb3cdd4793982,2107665,312395,143422,3678
9bf31c7ff062936a96d3c8bd1f8f2ff3,2024-04-01,e2663a63c3b9459651f9370a971966d4fcfe0332,2107771,312395,143465,3678
9bf31c7ff062936a96d3c8bd1f8f2ff3,2024-04-08,3cd4135119be0dda37ef810353a3ef2e4444970e,2107895,312395,143462,3678
9bf31c7ff062936a96d3c8bd1f8f2ff3,2024-04-15,276b7888f161bb149217a55008d7f7c17126f9a4,2108158,312405,143482,3679
9bf31c7ff062936a96d3c8bd1f8f2ff3,2024-04-22,9b41d1d634aa9a3a36a21c5624b25c8475fd51ee,2108210,312406,143484,3679
9bf31c7ff062936a96d3c8bd1f8f2ff3,2024-04-29,ac7049dbf33943d5ecbadfdb0f2091fa4ff88748,2109468,313514,143512,3679
9bf31c7ff062936a96d3c8bd1f8f2ff3,2024-05-06,6e29963edd55cfc038304322049d8fe697580f2c,2109767,313606,143539,3680
9bf31c7ff062936a96d3c8bd1f8f2ff3,2024-05-13,4ac385adc5b7ae6474fc8e8fb418131cf2e63b4b,2109925,313616,143576,3680
9bf31c7ff062936a96d3c8bd1f8f2ff3,2024-05-20,8e16f81f3db4eb03ac2195e9e5527852047c14a0,2109943,313616,143585,3680
9bf31c7ff062936a96d3c8bd1f8f2ff3,2024-05-27,8e16f81f3db4eb03ac2195e9e5527852047c14a0,2109943,313616,143585,3680
9bf31c7ff062936a96d3c8bd1f8f2ff3,2024-06-03,2eba27571edcce56ac04838792e79cb23fe179d4,2110107,313622,143594,3680
9bf31c7ff062936a96d3c8bd1f8f2ff3,2024-06-10,1f1eedd3fa696f41ba426ebcd5de4fe08b5005cf,2110223,313623,143608,3680
9bf31c7ff062936a96d3c8bd1f8f2ff3,2024-06-17,a99b2ccd567937629cf4dc01391c59af66e3384d,2110267,313629,143622,3680
9bf31c7ff062936a96d3c8bd1f8f2ff3,2024-06-24,458fada72b3288d648a559a17c5a69f1d17ae15f,2110758,313629,143918,3682
9bf31c7ff062936a96d3c8bd1f8f2ff3,2024-07-01,467d77bb163416914b997823aa4dd7be64bebc11,2110870,313642,143918,3682
9bf31c7ff062936a96d3c8bd1f8f2ff3,2024-07-08,e7f9f44e3bd95404f4221fab29cd295805ff410d,2111143,313642,144057,3682
9bf31c7ff062936a96d3c8bd1f8f2ff3,2024-07-15,96953052a12c9cc87700bdca5fa030626a80e707,2111486,313642,144315,3683
9bf31c7ff062936a96d3c8bd1f8f2ff3,2024-07-22,0a80e88d902d3dfdeed03ede1880b8994a8d892b,2111551,313659,144328,3683
9bf31c7ff062936a96d3c8bd1f8f2ff3,2024-07-29,c26f2728ac5d3de10c3bcd8f3fc36894d6b36f1b,2112689,314796,144328,3683
9bf31c7ff062936a96d3c8bd1f8f2ff3,2024-08-05,16e67bc5f98f2f5691fb5c01d5a8310de1c62b81,2113080,314860,144397,3683
9bf31c7ff062936a96d3c8bd1f8f2ff3,2024-08-12,4247575c637b4d049346b96514ac9ca3363276d5,2113109,314860,144397,3683
9bf31c7ff062936a96d3c8bd1f8f2ff3,2024-08-19,5d9170697e4e6dd282b015890bc29baf978c6cb5,2113130,314871,144397,3683
9bf31c7ff062936a96d3c8bd1f8f2ff3,2024-08-26,777f50b9b5822d1058c59fc2ee1d1a7e9c766bf8,2113147,314871,144403,3683
9bf31c7ff062936a96d3c8bd1f8f2ff3,2024-09-02,f37ac613a835c8ff28a2f23abe14c88fbac8b039,2113147,314871,144403,3683
9bf31c7ff062936a96d3c8bd1f8f2ff3,2024-09-09,634804885f334c4125134147a05a074e600598aa,2113191,314871,144406,3683
9bf31c7ff062936a96d3c8bd1f8f2ff3,2024-09-16,23d44397321f96d8a94e4791172ecd1f494d3349,2114197,315633,144446,3684
9bf31c7ff062936a96d3c8bd1f8f2ff3,2024-09-23,159bf0f31b59f7ef7f4bc6c3f57a5187f6a96947,2115011,315633,144461,3684
9bf31c7ff062936a96d3c8bd1f8f2ff3,2024-09-30,aef75219cc221cd4990eaec7d4213d85ed945069,2115028,315633,144461,3684
9bf31c7ff062936a96d3c8bd1f8f2ff3,2024-10-07,4f3bccbaaeb44d2568a387ce02e4c3d95237628c,2115070,315633,144469,3684
9bf31c7ff062936a96d3c8bd1f8f2ff3,2024-10-14,d76a97a84a61ef3fd929fc8f2f2f561fccddaa83,2115105,315633,144469,3684
9bf31c7ff062936a96d3c8bd1f8f2ff3,2024-10-21,431e05181e4172415decf618ada8e91d6df995b1,2115675,315633,144530,3684
9bf31c7ff062936a96d3c8bd1f8f2ff3,2024-10-28,d14e94ac45795f5bf55ba80b2a6f5acd02702e0f,2115504,315648,144534,3684
9bf31c7ff062936a96d3c8bd1f8f2ff3,2024-11-04,f7b1678d0c75a63899d7240dff07989aec546ace,2117214,316882,144593,3686
9bf31c7ff062936a96d3c8bd1f8f2ff3,2024-11-11,6ab39c02747c33173e5e33291e66cebbdbc75d82,2118365,317298,144734,3689
9bf31c7ff062936a96d3c8bd1f8f2ff3,2024-11-18,15ab513fed049984fc5f1400b3ceb3be4ae7c987,2118394,317298,144734,3689
9bf31c7ff062936a96d3c8bd1f8f2ff3,2024-11-25,60b47525c14b1f98927ae61acc033bb6ac80d84b,2118469,317298,144745,3689
9bf31c7ff062936a96d3c8bd1f8f2ff3,2024-12-02,0e4fa06ba55e99203c4ca96faed4d2e701e87686,2118606,317298,144746,3689
9bf31c7ff062936a96d3c8bd1f8f2ff3,2024-12-09,ff88db91036fed10dedb9e38786506d0460bd7dd,2118747,317298,144753,3689
9bf31c7ff062936a96d3c8bd1f8f2ff3,2024-12-16,acd5c28db5d0cdb9446c5cb09996629f78287b82,2118807,317298,144766,3689
9bf31c7ff062936a96d3c8bd1f8f2ff3,2024-12-23,d9ade6f2d4cdf95097bbb927f575611b525a2646,2118893,317298,144796,3689
9bf31c7ff062936a96d3c8bd1f8f2ff3,2024-12-30,bd606ed8ec65f7ad388c3dead9ba200bf0b4fa6a,2118894,317299,144796,3689
9bf31c7ff062936a96d3c8bd1f8f2ff3,2025-01-06,9ad7a32b2a151a7052016e55acdeb20247acefdd,2118937,317299,144798,3689
9bf31c7ff062936a96d3c8bd1f8f2ff3,2025-01-13,9b136b0f2e531e41d1949fba3f618405adfcef02,2119048,317299,144813,3689
9bf31c7ff062936a96d3c8bd1f8f2ff3,2025-01-20,dc02b98bd1c8d653370fd8828063b1aee0b5b9eb,2119367,317324,144975,3690
9bf31c7ff062936a96d3c8bd1f8f2ff3,2025-01-27,061994fb31480e65c30f8747e8dcc55935174f4a,2119459,317324,144975,3690
9bf31c7ff062936a96d3c8bd1f8f2ff3,2025-02-03,a71b26bd0e900ef0d6068c94583b35d98e7a2185,2120667,318502,144975,3690
9bf31c7ff062936a96d3c8bd1f8f2ff3,2025-02-10,4444c479dc817800c074400e0423c77e3d9de35d,2122177,318687,146004,3692
9bf31c7ff062936a96d3c8bd1f8f2ff3,2025-02-17,6df3be415cdb7c6ae350eadbae2f8ea7a0fcf4be,2122265,318687,146069,3692
9bf31c7ff062936a96d3c8bd1f8f2ff3,2025-02-24,c7303f01c574c3543c68452c7dfd8998efe25085,2122269,318687,146069,3692
9bf31c7ff062936a96d3c8bd1f8f2ff3,2025-03-03,e2921c0e9de3c153b9d75d1fcf219afce42f64c7,2122417,318688,146115,3692
9bf31c7ff062936a96d3c8bd1f8f2ff3,2025-03-10,13dd6f77265b9738d29eb33f2dcd6d9361e92700,2122519,318688,146161,3692
9bf31c7ff062936a96d3c8bd1f8f2ff3,2025-03-17,b30c77a0e480352cce573195af819bd41a3c1b42,2122554,318685,146161,3692
9bf31c7ff062936a96d3c8bd1f8f2ff3,2025-03-24,14a33d3f0ae6dcbe9b91d33f64b795c2aef6a870,2122588,318685,146174,3692
9bf31c7ff062936a96d3c8bd1f8f2ff3,2025-03-31,7c1429465cb2e2531e5779b8bc0caf0d51f9dc03,2123073,318686,146183,3693
9bf31c7ff062936a96d3c8bd1f8f2ff3,2025-04-07,9a8c16aeccaddd7db2b7faada1e507b0a9b15c45,2123235,318683,146183,3693
9bf31c7ff062936a96d3c8bd1f8f2ff3,2025-04-14,91168a9ae38dc986a690fcb7ca5c28cf0036199a,2123391,318683,146271,3695
9bf31c7ff062936a96d3c8bd1f8f2ff3,2025-04-21,90bc4523fd47e532197ebb12bc2c20ccc4eee6d7,2123387,318680,146271,3695
9bf31c7ff062936a96d3c8bd1f8f2ff3,2025-04-28,4f15084326acf82306fc439fcc4b985e8d505576,2124328,319595,146294,3695
9bf31c7ff062936a96d3c8bd1f8f2ff3,2025-05-05,d2d3cd056dc451f8a7dcd343c9e44a901d177a25,2124562,319628,146442,3695
9bf31c7ff062936a96d3c8bd1f8f2ff3,2025-05-12,00652b3c9fb7bf2122bb076d63b15bc65e12ff71,2124575,319630,146444,3695
9bf31c7ff062936a96d3c8bd1f8f2ff3,2025-05-19,13d21b48a3a4eef4227339d177a5ce2ed2879447,2124638,319633,146447,3695
9bf31c7ff062936a96d3c8bd1f8f2ff3,2025-05-26,b898bb2a79ae1f2d54f3d21a22382059a2c2e40c,2124997,319636,146515,3695
9bf31c7ff062936a96d3c8bd1f8f2ff3,2025-06-02,d59ff3be24a336ab080c66fa6ceafbf52e7be1c1,2125025,319635,146515,3695
9bf31c7ff062936a96d3c8bd1f8f2ff3,2025-06-09,dd9bc1a17d0324448c45c6fc0a2d258b9134bfc3,2125108,319635,146515,3695
9bf31c7ff062936a96d3c8bd1f8f2ff3,2025-06-16,ccfe3dbaa4392ec1cf50224c57eccd0f34ce8d1d,2125308,319645,146515,3695
9bf31c7ff062936a96d3c8bd1f8f2ff3,2025-06-23,614ffb26d1cd9a068e8ba2761a5aad64100f4d6d,2125329,319643,146524,3695
9bf31c7ff062936a96d3c8bd1f8f2ff3,2025-06-30,75c1eb60b2ccae893cf05eaab04668bdb4655864,2125557,319700,146532,3695
9bf31c7ff062936a96d3c8bd1f8f2ff3,2025-07-07,de73cb3ed6cc9d51350ac54528c5ffc688aab6ce,2125600,319700,146540,3695
9bf31c7ff062936a96d3c8bd1f8f2ff3,2025-07-14,f4a67e52b2a1a4f74297efdf3b3613b420d852f9,2125668,319731,146546,3695
9bf31c7ff062936a96d3c8bd1f8f2ff3,2025-07-21,b248a3ba4e51328f6289c28b30d5145bdde0a937,2125693,319731,146546,3695
9bf31c7ff062936a96d3c8bd1f8f2ff3,2025-07-28,6914a330f019feab9fb90fc7d79c93e24ca3193f,2126066,319736,146568,3696
9bf31c7ff062936a96d3c8bd1f8f2ff3,2025-08-04,dfe189ecdf8709b332439ae72693d10b2640234b,2127596,321070,146578,3696
9bf31c7ff062936a96d3c8bd1f8f2ff3,2025-08-11,242e5afdae49fa1888acc0cea28ea736a2f8ac49,2128341,321339,146678,3696
9bf31c7ff062936a96d3c8bd1f8f2ff3,2025-08-18,090c9c9608b3bf84987ff8403d86a52001989f7d,2128521,321341,146820,3697
9bf31c7ff062936a96d3c8bd1f8f2ff3,2025-08-25,8286bce0a06a3975bc7d292b5c5f972fc31a9a57,2128583,321341,146831,3697
9bf31c7ff062936a96d3c8bd1f8f2ff3,2025-09-01,f871fbae9d000938a194034eb58342cf88dbcee4,2128717,321341,146888,3697
9bf31c7ff062936a96d3c8bd1f8f2ff3,2025-09-08,9fd531534b646a62e0a99be4ca81c2f735a83293,2128976,321341,146944,3697
9bf31c7ff062936a96d3c8bd1f8f2ff3,2025-09-15,5f42008f9030db8cdfdc7c9d9dc576d0b0877bcc,2129109,321341,146958,3697
9bf31c7ff062936a96d3c8bd1f8f2ff3,2025-09-22,9ca79896aba3584dd7ed856ba148e0d8c5fe6cc2,2129117,321341,146958,3697
9bf31c7ff062936a96d3c8bd1f8f2ff3,2025-09-29,771b106d1994c494e341257aa4ed6e31dd9c2a45,2129167,321341,146966,3697
9bf31c7ff062936a96d3c8bd1f8f2ff3,2025-10-06,bdae98495660439655f1c89fb550a75d9ffb10ef,2129192,321341,146975,3697
9bf31c7ff062936a96d3c8bd1f8f2ff3,2025-10-13,8b9924bce7290cd21e816c13f964fe3ba362f526,2129261,321339,146975,3697
9bf31c7ff062936a96d3c8bd1f8f2ff3,2025-10-20,2992b9a07ef028792552fff20818a83c579a0b73,2129402,321329,147025,3697
9bf31c7ff062936a96d3c8bd1f8f2ff3,2025-10-27,cd55abab4fa451b28ea19041ee1c5260c79c8cbf,2129403,321329,147025,3697
9bf31c7ff062936a96d3c8bd1f8f2ff3,2025-11-03,e334e80d2e3caf319543cc3a5ccd8fdb535d5373,2130898,322668,147092,3697
9bf31c7ff062936a96d3c8bd1f8f2ff3,2025-11-10,5d5b05c18ef4985114ccc4c66abad91dd39cedfc,2131444,322848,147111,3697
9bf31c7ff062936a96d3c8bd1f8f2ff3,2025-11-17,55164852d3cd9cb828b8b13d357acf27f64e93cc,2131485,322848,147121,3697
9bf31c7ff062936a96d3c8bd1f8f2ff3,2025-11-24,134a8ee2240557e8165cffe70d19e48937cece03,2131567,322862,147157,3697
9bf31c7ff062936a96d3c8bd1f8f2ff3,2025-12-01,b9a02b9780bc93afef4bc268212960dec2f9c88d,2131675,322862,147157,3697
9bf31c7ff062936a96d3c8bd1f8f2ff3,2025-12-08,aa2ec0403d0af0082a8f8a68a5a231c4e62a9c3a,2131674,322861,147157,3697
9bf31c7ff062936a96d3c8bd1f8f2ff3,2025-12-15,1cf4f781a5198ecbeb833b1bb8ad496ee4ca088b,2132111,322861,147157,3697
9bf31c7ff062936a96d3c8bd1f8f2ff3,2025-12-22,300575fe2e7f0f75bec92682cd9122a72998fd04,2132131,322861,147163,3697
9bf31c7ff062936a96d3c8bd1f8f2ff3,2025-12-29,4ece4419b496ac45e8fb1ad1fd068cf036dd302b,2132168,322861,147163,3697
9bf31c7ff062936a96d3c8bd1f8f2ff3,2026-01-05,988612c9c27f8f62bcd8a5e30f3b57e883189308,2132292,322863,147190,3697
9bf31c7ff062936a96d3c8bd1f8f2ff3,2026-01-12,00410b76d5d07bd082eed3f3dfda3ebb02cd0db0,2132334,322863,147190,3697
9bf31c7ff062936a96d3c8bd1f8f2ff3,2026-01-19,c5824536e7ca3c5ef5a9db59bd36c4e6beb23f51,2132436,322878,147194,3697
9bf31c7ff062936a96d3c8bd1f8f2ff3,2026-01-26,bb6aedeca8d42a6b3263bc0c72f5ef2c06817677,2132434,322878,147192,3697
9bf31c7ff062936a96d3c8bd1f8f2ff3,2026-02-02,757bf8145e243b4ad1a76460264f6f4df7e0fb1f,2134681,323806,147574,3702
9bf31c7ff062936a96d3c8bd1f8f2ff3,2026-02-09,a20eb248c51ad6741bbbb3b3bac103d5788bd4f5,2135319,323992,147595,3702
9bf31c7ff062936a96d3c8bd1f8f2ff3,2026-02-16,8dc47ebb108396ba29049a28224e66298251b736,2135487,324164,147597,3702
9bf31c7ff062936a96d3c8bd1f8f2ff3,2026-02-23,cf370919a9963ac7d821caf491fdc6f9da87b178,2135553,324165,147597,3703
9bf31c7ff062936a96d3c8bd1f8f2ff3,2026-03-02,42734f29661520f698bf51e408624d51618d0b0d,2136053,324169,148076,3707
9bf31c7ff062936a96d3c8bd1f8f2ff3,2026-03-09,34baa313e31788e3a0ba251d5649b6e3ccfced26,2136121,324171,148083,3707
9bf31c7ff062936a96d3c8bd1f8f2ff3,2026-03-16,5540f9c430f65631887d31fa26dfdfa576c1c17e,2136139,324171,148088,3707
9bf31c7ff062936a96d3c8bd1f8f2ff3,2026-03-23,d3bb7841b4be7e7aad0bd666117c022acb5a2c64,2136201,324171,148088,3707
9bf31c7ff062936a96d3c8bd1f8f2ff3,2026-03-30,963fccc09cc6b3fe6f0a6246e5af16c9d9af100d,2136269,324181,148088,3707
9bf31c7ff062936a96d3c8bd1f8f2ff3,2026-04-06,c6d3f05851a94655a5e2194c03553824350a4782,2136363,324181,148122,3707
9bf31c7ff062936a96d3c8bd1f8f2ff3,2026-04-13,4198b2d04b3a290793ca52aebe025cb1b138c85c,2136486,324182,148241,3708
9bf31c7ff062936a96d3c8bd1f8f2ff3,2026-04-20,e28fc73d5c14b6736d60667fea424cf4e6373ade,2136950,324186,148419,3708
9bf31c7ff062936a96d3c8bd1f8f2ff3,2026-04-27,ca259b08409096811b57b1c13dd5cccf9b2b83b1,2137237,324191,148445,3710
9bf31c7ff062936a96d3c8bd1f8f2ff3,2026-05-04,dc36d05ae1c0172363c198f61264ccf0ce2259b8,2138331,325014,148548,3710
9bf31c7ff062936a96d3c8bd1f8f2ff3,2026-05-11,871d4f5b640c83a2644a389db8d1bf1bd6a29382,2139707,325454,148740,3712
9bf31c7ff062936a96d3c8bd1f8f2ff3,2026-05-18,065cbfb883a06b5e32535b34eedbb8823782070d,2139722,325454,148751,3712
9bf31c7ff062936a96d3c8bd1f8f2ff3,2026-05-25,d562edd90a5e70c81b993ddbf98870d5b28f2130,2139920,325454,148751,3712
9bf31c7ff062936a96d3c8bd1f8f2ff3,2026-06-01,eeed86523bb9cd7064e540f29e057d123e18914a,2139808,325454,148771,3712
9bf31c7ff062936a96d3c8bd1f8f2ff3,2026-06-08,5be9f84fe37528515e2c92080ed0b73273ed813a,2139967,325496,148791,3712
9bf31c7ff062936a96d3c8bd1f8f2ff3,2026-06-15,4647ac14230d716068d588d3048f1a6faa0f9061,2140219,325496,148852,3712
9bf31c7ff062936a96d3c8bd1f8f2ff3,2026-06-22,9b2a6ccc4793d19d06bd0926367011476157295c,2140239,325497,148852,3712
9bf31c7ff062936a96d3c8bd1f8f2ff3,2026-06-29,eada45dd846d4324c33e3ae357fb4c8fbf01bc6b,2140754,325504,148889,3713
9bf31c7ff062936a96d3c8bd1f8f2ff3,2026-07-06,494f4f409c0d5866101dc232454e1187d50a84e0,2141141,325505,149003,3713
9bf31c7ff062936a96d3c8bd1f8f2ff3,2026-07-13,1261414252fbc7172711afc386cca8d2154b9db6,2141188,325508,149032,3713
9bf31c7ff062936a96d3c8bd1f8f2ff3,2026-07-20,5d18105cadb0ef5b937fe388eb4b109e4396b16f,2141208,325515,149032,3713
9bf31c7ff062936a96d3c8bd1f8f2ff3,2026-07-27,0252281049a6e06f6afb5b827f1ac6a45a7637c8,2141709,325518,149257,3714
9bf31c7ff062936a96d3c8bd1f8f2ff3,2026-08-03,334582e9d72d4fcefadc8f045da175d6d0e33cf9,2143459,327067,149279,3714
9bf31c7ff062936a96d3c8bd1f8f2ff3,2026-08-10,a5e2588a1c89cad1b2e1f1a4fd20632b4de6f986,2146169,328180,149461,3714
9bf31c7ff062936a96d3c8bd1f8f2ff3,2026-08-17,aef6198af1401d29f07692ee9b78069c3b6e7126,2146337,328175,149490,3714
9bf31c7ff062936a96d3c8bd1f8f2ff3,2026-08-24,1eca8b94d7aae6c10904c1adda62effebd5539fc,2146717,328175,149727,3715
9bf31c7ff062936a96d3c8bd1f8f2ff3,2026-08-31,b6d2d82871c3dee3508c67a3b17ed4356654c036,2146741,328175,149739,3715
aab3238922bcc25a6f606eb525ffdc56,2021-09-27,e0eba586b1b8448639ab4170fe39270d73dc2e2a,2016261,298310,122446,3546
aab3238922bcc25a6f606eb525ffdc56,2021-10-04,2051fd30a4fa3b62cdb244f5b9748c1cb3b39845,2016339,298341,122447,3546
aab3238922bcc25a6f606eb525ffdc56,2021-10-11,3e4c8db931e1a9b760b22382f7c9e0e28e732a2c,2016458,298353,122480,3546
aab3238922bcc25a6f606eb525ffdc56,2021-10-18,a5b9a0000e14663fd814dd51648a544fa40140a4,2017265,298360,122693,3548
aab3238922bcc25a6f606eb525ffdc56,2021-10-25,7104e0b2457d1dc2d0e1c97e5053706e64a0fc50,2017295,298378,122645,3548
aab3238922bcc25a6f606eb525ffdc56,2021-11-01,bb003edbb7b1e8fb2ce488e2f047e5e1982b95fd,2018511,299383,122704,3549
aab3238922bcc25a6f606eb525ffdc56,2021-11-08,99389cb66bb743ef6b94edc77034bdd9bf5e9928,2018743,299507,122714,3549
aab3238922bcc25a6f606eb525ffdc56,2021-11-15,3bd7556bbe0ade42552e3a094c3b0fd99039854e,2019105,299509,122916,3549
aab3238922bcc25a6f606eb525ffdc56,2021-11-22,1b1e4bfe7da770ad159c0f4291925a3597a65dbc,2019701,299527,122987,3550
aab3238922bcc25a6f606eb525ffdc56,2021-11-29,b6360aa46ce966f77fba290637f51f5bb2de12a9,2019832,299532,122987,3551
aab3238922bcc25a6f606eb525ffdc56,2021-12-06,a04fc56d03b33780612cf7630bb3f1a9388a9a02,2019934,299544,123001,3551
aab3238922bcc25a6f606eb525ffdc56,2021-12-13,f9a8bc9f27e6c7569f30fc86b82129647068f6a0,2020049,299576,123042,3551
aab3238922bcc25a6f606eb525ffdc56,2021-12-20,2ff209953e0a7b4ce9df1c1ba15783345ef5659f,2020085,299611,123042,3551
aab3238922bcc25a6f606eb525ffdc56,2021-12-27,f0c5866113fb1d85ada6dc3fe67e4909d94bacc2,2020133,299611,123053,3551
aab3238922bcc25a6f606eb525ffdc56,2022-01-03,043c1e1a73aace8b459b3290ff7a50c9b124fb33,2020223,299611,123075,3551
aab3238922bcc25a6f606eb525ffdc56,2022-01-10,17da9d4c28297fd699cbbda969a9f64c4c09c665,2020324,299609,123122,3551
aab3238922bcc25a6f606eb525ffdc56,2022-01-17,1042de69dbb6f3c0aa92a741a68aeca23f4ed45e,2020498,299616,123179,3551
aab3238922bcc25a6f606eb525ffdc56,2022-01-24,c025067f6d3fbffd1acc8c70ec9d2ecc5be8c90b,2020725,299615,123221,3551
aab3238922bcc25a6f606eb525ffdc56,2022-01-31,1d9ccc0a6d3c1b3d5c52e6e427a9e1cb824b0a90,2032827,300844,123221,3551
aab3238922bcc25a6f606eb525ffdc56,2022-02-07,ae27b1acc43d58badad356a4da8fc0c72d46d7fb,2032906,300844,123226,3551
aab3238922bcc25a6f606eb525ffdc56,2022-02-14,8b5cd373ba033977ef0100f52871dd6b38b7239e,2032879,300846,123146,3551
aab3238922bcc25a6f606eb525ffdc56,2022-02-21,ac910bb2328ff107359d009aaf821c01559cef19,2032934,300849,123146,3551
aab3238922bcc25a6f606eb525ffdc56,2022-02-28,f60bb3e0a9044058a3df1d75bb900e77e51ad4ed,2033001,300861,123156,3551
aab3238922bcc25a6f606eb525ffdc56,2022-03-07,8dcd1c3564f04bc1f71020c150b31deea07b7a95,2033045,300877,123174,3551
aab3238922bcc25a6f606eb525ffdc56,2022-03-14,a1efc8f8c820a1e94eb26f7c93e4c6f6e9b277d6,2033199,300887,123231,3551
aab3238922bcc25a6f606eb525ffdc56,2022-03-21,3f7a59c59b4873a3b39838401d590f9d030a3500,2033746,300887,123282,3551
aab3238922bcc25a6f606eb525ffdc56,2022-03-28,32558a8bc3c0035e7b738e47b00ff6b4bfc96da8,2033706,300941,123288,3551
aab3238922bcc25a6f606eb525ffdc56,2022-04-04,a65747b1c787cc85dc59f088543f3d333f310eee,2033730,300941,123312,3551
aab3238922bcc25a6f606eb525ffdc56,2022-04-11,acd0eb635e859127c456c2166ed9455a1fdac60e,2033887,300946,123312,3551
aab3238922bcc25a6f606eb525ffdc56,2022-04-18,dff6c77faf0c6bcf1d407dc3ffef9e169166c714,2034948,300959,123772,3553
aab3238922bcc25a6f606eb525ffdc56,2022-04-25,ebb79024152348227250404fd06c35c56cbc672e,2034935,300959,123772,3553
aab3238922bcc25a6f606eb525ffdc56,2022-05-02,2867d9b9697ffc34133ad988782ae0af88811c4d,2036538,302163,124160,3554
aab3238922bcc25a6f606eb525ffdc56,2022-05-09,ac51c9fba5a796ff434c0a7e05a5fd081690b21c,2036956,302200,124251,3554
aab3238922bcc25a6f606eb525ffdc56,2022-05-16,6f7eec1193f8ddafb6d7ff495d3ce2eb01202a86,2037036,302208,124268,3554
aab3238922bcc25a6f606eb525ffdc56,2022-05-23,f82595ac903e4e4062d909e73693dd809c6845c0,2037055,302221,124268,3554
aab3238922bcc25a6f606eb525ffdc56,2022-05-30,c1ad8047a2c22f841e4e3df39696febeb7167e6c,2037051,302228,124268,3554
aab3238922bcc25a6f606eb525ffdc56,2022-06-06,18f66a1a91bdc44dce2823faec9530dc14223234,2037508,302668,124276,3554
aab3238922bcc25a6f606eb525ffdc56,2022-06-13,0980adfd4d021e3329bf41452ce1a1210321974f,2037624,302669,124339,3554
aab3238922bcc25a6f606eb525ffdc56,2022-06-20,99504ff8265eac35da5af06f4ce99196bbdc0239,2038024,302665,124269,3555
aab3238922bcc25a6f606eb525ffdc56,2022-06-27,7fd43684fc9e3f2da9c646dea04a531bd6f50cee,2038074,302665,124269,3555
aab3238922bcc25a6f606eb525ffdc56,2022-07-04,ab7fef0acfbd33331b4d3a000d501454fdcee8f2,2038616,302729,124501,3555
aab3238922bcc25a6f606eb525ffdc56,2022-07-11,bb30410b9f4cae1ec74f120833b74ecc0b1de7d2,2038774,302810,124501,3556
aab3238922bcc25a6f606eb525ffdc56,2022-07-18,31d5354cb148c6aa90014f62d3a4752adeebd51a,2038838,302814,124503,3556
aab3238922bcc25a6f606eb525ffdc56,2022-07-25,e71d4254f710bef53fa40d0b49b5af9bad10ce40,2039311,302891,124669,3557
aab3238922bcc25a6f606eb525ffdc56,2022-08-01,3526a8f7b4242ad5a80fbdf27636625e7b192be6,2040542,303793,124750,3558
aab3238922bcc25a6f606eb525ffdc56,2022-08-08,06602372b36df2b36e4db5ac30504dad878ea254,2041165,303967,124886,3561
aab3238922bcc25a6f606eb525ffdc56,2022-08-15,3bfea5cbba983d35506d29563952fbadb782ef52,2041193,303958,124901,3561
aab3238922bcc25a6f606eb525ffdc56,2022-08-22,7f5dd42a40fba039543c66333714d51a469d8945,2041224,303975,124901,3561
aab3238922bcc25a6f606eb525ffdc56,2022-08-29,bc73bd26f17f236368a0a3434e0c632d332803ca,2041255,303971,124901,3561
aab3238922bcc25a6f606eb525ffdc56,2022-09-05,be0b0528cb64d49750fcb632faa2cfcd8d920be2,2041293,303972,124901,3561
aab3238922bcc25a6f606eb525ffdc56,2022-09-12,44933010ceb3ac06d4c01b559aafed4bef16c45d,2041450,303972,124903,3561
aab3238922bcc25a6f606eb525ffdc56,2022-09-19,9923764614a0a4e0e23f3455794d9c2ac0b1635d,2041383,303972,124814,3561
aab3238922bcc25a6f606eb525ffdc56,2022-09-26,b93d7e6883d683ea35f4f5ea843222f47aacbaee,2041382,303967,124814,3561
aab3238922bcc25a6f606eb525ffdc56,2022-10-03,483d26930b4c804cecb9b074021244bd4b1c8499,2041461,303967,124869,3561
aab3238922bcc25a6f606eb525ffdc56,2022-10-10,8122160ffb68acb0db740f4f6456fdaaaa577d90,2041673,303969,124981,3561
aab3238922bcc25a6f606eb525ffdc56,2022-10-17,aaad8adb02ed20ebff9b60f1778d4a80d76e77c1,2041758,303978,124981,3561
aab3238922bcc25a6f606eb525ffdc56,2022-10-24,5a30d43fa9869adc5a6f708dd0994a8a4e53d905,2041761,303978,124981,3561
aab3238922bcc25a6f606eb525ffdc56,2022-10-31,e527cb8cecc70c3289b8ee1b3d62bc3631bfc8d5,2042883,305015,124981,3561
aab3238922bcc25a6f606eb525ffdc56,2022-11-07,f893af496100737b7fa1ef861ac8bd2705b4d5f1,2042942,305048,124984,3561
aab3238922bcc25a6f606eb525ffdc56,2022-11-14,fc4154286e0e47d748d19183fd05be794a019be8,2042981,305048,124983,3561
aab3238922bcc25a6f606eb525ffdc56,2022-11-21,f3f70b8de66c0bae86f4761e152c10dd39f6f179,2043286,305048,125037,3561
aab3238922bcc25a6f606eb525ffdc56,2022-11-28,ce093aa18062f64d5eb16175e361cc34a222c1db,2043470,305052,125093,3561
aab3238922bcc25a6f606eb525ffdc56,2022-12-05,d43a97ef493a7edc9e03b5dd15870e04a0c38f75,2043495,305052,125112,3561
aab3238922bcc25a6f606eb525ffdc56,2022-12-12,ea5ae4cae6a230e048f0ff4587b54d441712c6fd,2043595,305054,125139,3561
aab3238922bcc25a6f606eb525ffdc56,2022-12-19,169d301f3305b47eff0cddd48aa0a563a3c38d4b,2043627,305055,125139,3561
aab3238922bcc25a6f606eb525ffdc56,2022-12-26,883dc0214a64c0923455bf30bfcc5f953e70af39,2043631,305055,125139,3561
aab3238922bcc25a6f606eb525ffdc56,2023-01-02,b2cc5b81001ad5e856d7316bab11f08ce1386d4b,2043889,305082,125148,3561
aab3238922bcc25a6f606eb525ffdc56,2023-01-09,a8b88c26f7061689ef1aea1b8fd234fed8e1fc9e,2043942,305082,125190,3561
aab3238922bcc25a6f606eb525ffdc56,2023-01-16,70ec756b01a4c9e62c189a8d853401393d18cb4b,2044568,305082,125906,3562
aab3238922bcc25a6f606eb525ffdc56,2023-01-23,2f65b84683b7e755b4c44dc949f567e6d5d50132,2044579,305082,125919,3562
aab3238922bcc25a6f606eb525ffdc56,2023-01-30,e8c21223e758000be6040785f2cfd0916dc05e97,2045572,306111,125855,3561
aab3238922bcc25a6f606eb525ffdc56,2023-02-06,7f8778fcf3428756c1c9ab1ee26ff328e00bf608,2045649,306139,125859,3561
aab3238922bcc25a6f606eb525ffdc56,2023-02-13,f3daa3116fad6aa85686aba5b54eaecc07e8f6cf,2045717,306139,125870,3561
aab3238922bcc25a6f606eb525ffdc56,2023-02-20,4d68338b26a93f79ad818a462fa96d84ffa2ac51,2046019,306139,125935,3561
aab3238922bcc25a6f606eb525ffdc56,2023-02-27,5ad63eee13e70eeff9659bcee024e8249b6bf68c,2046022,306139,125936,3561
aab3238922bcc25a6f606eb525ffdc56,2023-03-06,4642c2b56a99a2bd86111f8c46f377e2fc362463,2046233,306139,125992,3561
aab3238922bcc25a6f606eb525ffdc56,2023-03-13,6fe609496beadfe85124290f220a25075d7f2c04,2046535,306143,125997,3562
aab3238922bcc25a6f606eb525ffdc56,2023-03-20,11213d44663e71807ec55e31f506983f67ae338f,2046697,306171,126068,3562
aab3238922bcc25a6f606eb525ffdc56,2023-03-27,b0b55d8b80d46bcb4b38702618ca5872cf6daaf1,2046776,306175,126078,3562
aab3238922bcc25a6f606eb525ffdc56,2023-04-03,0a46b2f89e188c9139fc095c0da0c145bec12f3d,2046830,306179,126124,3562
aab3238922bcc25a6f606eb525ffdc56,2023-04-10,9b104a27c72754e9a6a8043ad7e710c8c386a8db,2047048,306189,126164,3564
aab3238922bcc25a6f606eb525ffdc56,2023-04-17,f4a4a18ecbdb74da70679c7bcaa395f66b68c4af,2047220,306190,126164,3564
aab3238922bcc25a6f606eb525ffdc56,2023-04-24,1e868bb6c67a19614c0f30b69bd5b624d72b1245,2047420,306190,126234,3565
aab3238922bcc25a6f606eb525ffdc56,2023-05-01,ff4213cdc2e2bef7fadba6db2fc97057fd03be74,2048947,307651,126234,3565
aab3238922bcc25a6f606eb525ffdc56,2023-05-08,7deeb02f6d717b5b6aa0a6eb885a477767a8beaa,2049121,307721,126278,3566
aab3238922bcc25a6f606eb525ffdc56,2023-05-15,f8320cc72ddb91182c43ea23e2a721e10daa9b13,2049460,307721,126278,3566
aab3238922bcc25a6f606eb525ffdc56,2023-05-22,322c9b340adae0b48eed6fe822cbb700a2e6cf34,2049485,307721,126278,3566
aab3238922bcc25a6f606eb525ffdc56,2023-05-29,1b322c1faee965855ce393b5b23c3d3dc8cb6a2d,2049591,307739,126278,3566
aab3238922bcc25a6f606eb525ffdc56,2023-06-05,c6043fcbb23875926f3b674b2e22dfaa9c6cf300,2049606,307739,126275,3566
aab3238922bcc25a6f606eb525ffdc56,2023-06-12,3f157d085bd72a69fabd6e2621800204c19cc76f,2049663,307739,126295,3567
aab3238922bcc25a6f606eb525ffdc56,2023-06-19,4c61afa47c618a11ad78b91dcd083e73b6332e82,2049748,307751,126331,3567
aab3238922bcc25a6f606eb525ffdc56,2023-06-26,260dbf19a5b4269feb6d29887aed94454602d8ac,2049847,307749,126384,3567
aab3238922bcc25a6f606eb525ffdc56,2023-07-03,571377dfb83d128a104ec2220aae7ca992e036b0,2049891,307748,126398,3567
aab3238922bcc25a6f606eb525ffdc56,2023-07-10,7af65523ab8b63d2e27b898a995388179a802c71,2050332,307749,126598,3568
aab3238922bcc25a6f606eb525ffdc56,2023-07-17,10fd061bbc66351bb9cdfc20b65d0c928620e21c,2050382,307765,126598,3568
aab3238922bcc25a6f606eb525ffdc56,2023-07-24,b0e390e6d1d68b92e9983840941f8f6d9e083fe0,2050437,307765,126598,3568
aab3238922bcc25a6f606eb525ffdc56,2023-07-31,7c9f0c0c029479e109aed546ce0106a1cb9674a5,2051340,308664,126598,3568
aab3238922bcc25a6f606eb525ffdc56,2023-08-07,5a32af3f2c6106080da72e78a42c8fc3ab0584a1,2051446,308714,126612,3569
aab3238922bcc25a6f606eb525ffdc56,2023-08-14,5a32af3f2c6106080da72e78a42c8fc3ab0584a1,2051446,308714,126612,3569
aab3238922bcc25a6f606eb525ffdc56,2023-08-21,9b2a41db1cc007df304bf7874813e6ab78b9a830,2051454,308592,126612,3569
aab3238922bcc25a6f606eb525ffdc56,2023-08-28,b8f4644d60f5ce6c9ff28e9d76ab104818053379,2051457,308592,126612,3569
aab3238922bcc25a6f606eb525ffdc56,2023-09-04,43f062cac0a7352acf983b74638ecadb0bfd76ec,2051467,308601,126612,3569
aab3238922bcc25a6f606eb525ffdc56,2023-09-11,ae13f8166dc372a94e596f423790a67abd7bf68c,2051531,308601,126637,3569
aab3238922bcc25a6f606eb525ffdc56,2023-09-18,afa504ba2f5d486b8adbc8aace092bfe0531b913,2052089,308614,127167,3570
aab3238922bcc25a6f606eb525ffdc56,2023-09-25,cf12c4fd2912c23083a990febe55f79d0253a554,2052355,308642,127180,3570
aab3238922bcc25a6f606eb525ffdc56,2023-10-02,6e331c4a4faaf445f5a060b7aacd5da42b69740a,2052375,308642,127180,3570
aab3238922bcc25a6f606eb525ffdc56,2023-10-09,a56fe5cf07fea61f8d79570633298951697a3f72,2052517,308656,127238,3570
aab3238922bcc25a6f606eb525ffdc56,2023-10-16,03e749c2b89e880e0a226458e9446fca4440696f,2052988,308739,127274,3570
aab3238922bcc25a6f606eb525ffdc56,2023-10-23,162b38a0683960c115954694cd7be56dec5bfe33,2053072,308725,127392,3570
aab3238922bcc25a6f606eb525ffdc56,2023-10-30,4fada7def9ee386bd6c89266b4c9be53aa332b84,2054614,310009,127392,3571
aab3238922bcc25a6f606eb525ffdc56,2023-11-06,33185d3042ef3e88c558e0730110f97a3f83c67f,2054850,310122,127430,3571
aab3238922bcc25a6f606eb525ffdc56,2023-11-13,9dd50e92ed239bc4643c1df7e9e0bcc03b05bfef,2055130,310122,127481,3571
aab3238922bcc25a6f606eb525ffdc56,2023-11-20,648fc6a1c4598e2fe5f7fc2e10b09d3df29715b1,2055152,310134,127481,3571
aab3238922bcc25a6f606eb525ffdc56,2023-11-27,04d7eacee29931412504a2d46c8f585c82dd7186,2055181,310136,127481,3571
aab3238922bcc25a6f606eb525ffdc56,2023-12-04,c49b6cab1e666dd4f2e3bd38c4d2dbba9a560df6,2055203,310136,127481,3571
aab3238922bcc25a6f606eb525ffdc56,2023-12-11,7a4bdd986ab9a10f3bc2d8875be6e154b63a1918,2055294,310169,127481,3571
aab3238922bcc25a6f606eb525ffdc56,2023-12-18,375f441bd19c0e747affbaa8a40203428411f5df,2055329,310169,127501,3571
aab3238922bcc25a6f606eb525ffdc56,2023-12-25,aa2e323eedc9e3cbad4eae19b309f92c8ba8afeb,2055481,310227,127501,3573
aab3238922bcc25a6f606eb525ffdc56,2024-01-01,90e8b86fc52a4be21aec16abfb5dccfb819cc53e,2055490,310227,127501,3573
aab3238922bcc25a6f606eb525ffdc56,2024-01-08,c7edaeec50546e10b15e27de94fdea1252cbe76b,2055611,310229,127513,3573
aab3238922bcc25a6f606eb525ffdc56,2024-01-15,b7e8f27d1478f75a443a4df226f696b8c29e5107,2055761,310229,127513,3574
aab3238922bcc25a6f606eb525ffdc56,2024-01-22,3eb8a87f6e71b92ccb6618aac7f752a5e4e8d1dc,2055834,310229,127524,3574
aab3238922bcc25a6f606eb525ffdc56,2024-01-29,42a13de57fabfccd1444792d775c45755bfa3c98,2057278,311320,127602,3574
aab3238922bcc25a6f606eb525ffdc56,2024-02-05,d21690edbf414582f7f20c26bb355d49cbbeb8a0,2057387,311364,127619,3574
aab3238922bcc25a6f606eb525ffdc56,2024-02-12,6686e9676c8faff4ee04c1574e117ae38f117efa,2057321,311298,127619,3574
aab3238922bcc25a6f606eb525ffdc56,2024-02-19,09f09884c18d725db7a60e03a8f78bafdbc78b95,2057493,311315,127649,3576
aab3238922bcc25a6f606eb525ffdc56,2024-02-26,217928ddb45a8a3b03fc1f9d3d97166f1d9a9d12,2057547,311315,127665,3576
aab3238922bcc25a6f606eb525ffdc56,2024-03-04,628c3f2e17fef9cee9329f8d142db6a69105c681,2057636,311315,127674,3576
aab3238922bcc25a6f606eb525ffdc56,2024-03-11,3621ffd9f21b313116e84301a1dce0d3f1dc2f8a,2057831,311315,127781,3576
aab3238922bcc25a6f606eb525ffdc56,2024-03-18,4e8529da48baf780f2a2c7e0255a0c9ea02b0d11,2057881,311318,127781,3576
aab3238922bcc25a6f606eb525ffdc56,2024-03-25,0d30e48c2578a6857aa2869f1b2696b6eb5fef68,2057903,311318,127783,3576
aab3238922bcc25a6f606eb525ffdc56,2024-04-01,7a0541301078bdd0fb548141c43b335fbabcaf81,2058004,311318,127821,3576
aab3238922bcc25a6f606eb525ffdc56,2024-04-08,ad23af83dad3d341c8ac5b699518fb64eaff88db,2058126,311318,127818,3576
aab3238922bcc25a6f606eb525ffdc56,2024-04-15,3ed6e1698521211f1d4fc199e490c3b5944785d4,2058376,311328,127838,3577
aab3238922bcc25a6f606eb525ffdc56,2024-04-22,617a23927249c78f23ef005aaa78b508570f4cc8,2058409,311329,127838,3577
aab3238922bcc25a6f606eb525ffdc56,2024-04-29,6cb4d1d486220c8e194009466ea5a25108afb19c,2059438,312244,127857,3577
aab3238922bcc25a6f606eb525ffdc56,2024-05-06,d39337021e12d569e3241a605120f010f77b9e22,2059735,312336,127884,3578
aab3238922bcc25a6f606eb525ffdc56,2024-05-13,5ac340602e7481198f2576567665ce6facc03a89,2059864,312325,127912,3578
aab3238922bcc25a6f606eb525ffdc56,2024-05-20,0795a35d13089c203f1b1ef523824c2fc22a6af9,2059881,312325,127920,3578
aab3238922bcc25a6f606eb525ffdc56,2024-05-27,0795a35d13089c203f1b1ef523824c2fc22a6af9,2059881,312325,127920,3578
aab3238922bcc25a6f606eb525ffdc56,2024-06-03,5f200ab5749a0813c48b45b217b273abeb2fdc52,2060029,312331,127929,3578
aab3238922bcc25a6f606eb525ffdc56,2024-06-10,f3f6a14ce3e982fb7fbe9f4f33134f3f693f4b7e,2060144,312331,127943,3578
aab3238922bcc25a6f606eb525ffdc56,2024-06-17,ac9615d9a5ae1368de3aa9b8491d217579db5bbf,2060187,312336,127957,3578
aab3238922bcc25a6f606eb525ffdc56,2024-06-24,f31c1e34bc801b57bbc3108725f13b793d7c4a4c,2060605,312336,128204,3580
aab3238922bcc25a6f606eb525ffdc56,2024-07-01,c2342a925b7042f3e4d8440e66bd7b61d80a961c,2060718,312350,128204,3580
aab3238922bcc25a6f606eb525ffdc56,2024-07-08,02b4f5e1f26b610fb2f6f4698810907547b68f12,2060950,312350,128302,3580
aab3238922bcc25a6f606eb525ffdc56,2024-07-15,0d712ec12a904eb517a572581ca607d4ff9c19c1,2061262,312350,128565,3581
aab3238922bcc25a6f606eb525ffdc56,2024-07-22,95e805e9cabeaf8bbf5b27e17763b44fbd85a686,2061319,312367,128574,3581
aab3238922bcc25a6f606eb525ffdc56,2024-07-29,7af99b2aeea5230d0bd3d88c47d700750f68a130,2062338,313386,128574,3581
aab3238922bcc25a6f606eb525ffdc56,2024-08-05,bc5446a2189309460e14191771817954e17e12ff,2062741,313450,128655,3581
aab3238922bcc25a6f606eb525ffdc56,2024-08-12,b3bb1e24b62c664dae694bfae6b409ac2b0aad3d,2062770,313450,128655,3581
aab3238922bcc25a6f606eb525ffdc56,2024-08-19,6bc2bfc339ab44395fd0ef7a9bb30f8fdf205205,2062788,313461,128655,3581
aab3238922bcc25a6f606eb525ffdc56,2024-08-26,2534cd999e673b4e4a3c52233bbee5496a3c4b06,2062805,313461,128661,3581
aab3238922bcc25a6f606eb525ffdc56,2024-09-02,2534cd999e673b4e4a3c52233bbee5496a3c4b06,2062805,313461,128661,3581
aab3238922bcc25a6f606eb525ffdc56,2024-09-09,7721fff06cc52a1208d628310ce40c3698baa2cb,2062849,313461,128664,3581
aab3238922bcc25a6f606eb525ffdc56,2024-09-16,cf9f6b4688626e8d0682f96879325019d39c9794,2064077,314493,128695,3582
aab3238922bcc25a6f606eb525ffdc56,2024-09-23,b9ee1339bfbe078ee04468dfce2820248061155b,2064853,314493,128710,3582
aab3238922bcc25a6f606eb525ffdc56,2024-09-30,3922c9e9f3de7fee04249c9d65be172432b878cf,2064868,314493,128710,3582
aab3238922bcc25a6f606eb525ffdc56,2024-10-07,4ca708eb3588d36a714f0e40f6cc49f63dfe25cb,2064910,314493,128718,3582
aab3238922bcc25a6f606eb525ffdc56,2024-10-14,fbbcbdef23349a81efad2bf742c94e2dc6c28130,2064949,314494,128718,3582
aab3238922bcc25a6f606eb525ffdc56,2024-10-21,acf49584e2165ded5396d107961b568fe8f5f954,2065448,314494,128778,3582
aab3238922bcc25a6f606eb525ffdc56,2024-10-28,803655e660edbfa87e5479fc68799ba9780638ac,2065299,314509,128778,3582
aab3238922bcc25a6f606eb525ffdc56,2024-11-04,28301cd4df386c263e85b9b3b6f2c5bd74f26767,2066912,315692,128837,3586
aab3238922bcc25a6f606eb525ffdc56,2024-11-11,df1a2633b11a3d3738eb614f17a0ea5bae719950,2067925,316089,128971,3588
aab3238922bcc25a6f606eb525ffdc56,2024-11-18,7ca388fd0decece896518f61fb5e4c0648690deb,2067930,316089,128971,3588
aab3238922bcc25a6f606eb525ffdc56,2024-11-25,52c7a44e9518b3bbb930184526e0ae4eac412a7b,2067999,316089,128976,3588
aab3238922bcc25a6f606eb525ffdc56,2024-12-02,1a34cf0f485bcf2d2989a8bf6c7fdf86c6dca1fb,2068129,316089,128977,3588
aab3238922bcc25a6f606eb525ffdc56,2024-12-09,2a23dbcf35946b844699c65fdf2ee440251eab12,2068347,316089,128977,3588
aab3238922bcc25a6f606eb525ffdc56,2024-12-16,41eafbb494c9578fa04ffa529a10e4cfd6942421,2068409,316089,128990,3588
aab3238922bcc25a6f606eb525ffdc56,2024-12-23,58626e24a95d2709142045447fc310bd1dd65a44,2068498,316089,129020,3588
aab3238922bcc25a6f606eb525ffdc56,2024-12-30,9577dd523b3e3bb7fba66e708dfb9ca76e299b7e,2068499,316090,129020,3588
aab3238922bcc25a6f606eb525ffdc56,2025-01-06,9e596a099ad49ad45065203f232bebc535e7ff5a,2068552,316090,129022,3588
aab3238922bcc25a6f606eb525ffdc56,2025-01-13,f4fd5325cc870cc7563703ed2dc3661139cf5d13,2068657,316090,129031,3588
aab3238922bcc25a6f606eb525ffdc56,2025-01-20,25e99483c4116313b678cc94df53d3ea28977752,2068941,316115,129185,3589
aab3238922bcc25a6f606eb525ffdc56,2025-01-27,d7260f92adea66791b027ad46b44b2cb7d77b555,2069032,316115,129185,3589
aab3238922bcc25a6f606eb525ffdc56,2025-02-03,2e44eefb9dd93d3f05deb57edb5597df41c7cdde,2070189,317248,129185,3589
aab3238922bcc25a6f606eb525ffdc56,2025-02-10,10b5dac700c5ade20dc31f3cf2f04c54cbb82ffa,2071727,317458,130212,3591
aab3238922bcc25a6f606eb525ffdc56,2025-02-17,ce1475acd5e2d328b50f2544506f56e5e74fa72c,2071815,317458,130277,3591
aab3238922bcc25a6f606eb525ffdc56,2025-02-24,76fbb38ef69c9210b4ba839b541f7f307817294f,2071819,317458,130277,3591
aab3238922bcc25a6f606eb525ffdc56,2025-03-03,da85544ae53f8eb86dcf0e50e3df2aa9068ca38a,2071966,317459,130323,3591
aab3238922bcc25a6f606eb525ffdc56,2025-03-10,f7ae51312f3d5366ab958c43239ca142aeb11a70,2072068,317459,130369,3591
aab3238922bcc25a6f606eb525ffdc56,2025-03-17,66235baab72b22456c88a28db788048b52712100,2072103,317456,130369,3591
aab3238922bcc25a6f606eb525ffdc56,2025-03-24,5ff827389e7739c05888218bd9cd123f0b9b3122,2072121,317456,130369,3591
aab3238922bcc25a6f606eb525ffdc56,2025-03-31,115f45e9af4db0939bdb9ff9391916a4226f8b57,2072610,317457,130377,3592
aab3238922bcc25a6f606eb525ffdc56,2025-04-07,1b47a112ac41b6414eadebcb3d5f3908bf440565,2072772,317454,130377,3592
aab3238922bcc25a6f606eb525ffdc56,2025-04-14,41ffd9d6a72486efb182c4f937866cf6e069a8ec,2072928,317454,130465,3594
aab3238922bcc25a6f606eb525ffdc56,2025-04-21,bb1bc9fa962ed72a521ee129c20c089f9d507f97,2072925,317451,130465,3594
aab3238922bcc25a6f606eb525ffdc56,2025-04-28,2b2a1f7573e46f37e7654afe0385bcb9acfa738d,2073833,318330,130491,3594
aab3238922bcc25a6f606eb525ffdc56,2025-05-05,4bccb09f4b7a1efb36bfa01a364a2edc9c97dd0d,2074022,318363,130595,3594
aab3238922bcc25a6f606eb525ffdc56,2025-05-12,a1e0e7076585323270681dc9a4f9e1272f24db68,2074026,318365,130595,3594
aab3238922bcc25a6f606eb525ffdc56,2025-05-19,a79ede0a4ebff1434d6ffd2a15339a1c574bbf6e,2074061,318368,130598,3594
aab3238922bcc25a6f606eb525ffdc56,2025-05-26,d4556f592eff4829012e3df72c48b9801a954297,2074221,318371,130618,3594
aab3238922bcc25a6f606eb525ffdc56,2025-06-02,a4b9707c417666841733fe4f5bec9b18e184028e,2074247,318370,130618,3594
aab3238922bcc25a6f606eb525ffdc56,2025-06-09,e2832bd961103a17e281919de7151f80f518cf24,2074330,318370,130618,3594
aab3238922bcc25a6f606eb525ffdc56,2025-06-16,9bd588f87de8ff3949b00d4f544abb4db4bb7e54,2074530,318380,130618,3594
aab3238922bcc25a6f606eb525ffdc56,2025-06-23,25cab4473525cd3705fc8ee524b85721db967b65,2074551,318378,130627,3594
aab3238922bcc25a6f606eb525ffdc56,2025-06-30,ac166b19a1712126003efb8c2ac9cc334fd3bee1,2074728,318435,130635,3594
aab3238922bcc25a6f606eb525ffdc56,2025-07-07,ac8cdb2495d580d6ff08aa624e7851453d3cc2da,2074771,318435,130643,3594
aab3238922bcc25a6f606eb525ffdc56,2025-07-14,7efaf0a1b3e2ce58f4e4cddaa9afe6a60a978bcf,2074831,318466,130643,3594
aab3238922bcc25a6f606eb525ffdc56,2025-07-21,50026136cc86c9d8c95135b7d1eebeda516e31ec,2074856,318466,130643,3594
aab3238922bcc25a6f606eb525ffdc56,2025-07-28,b49cb0b8df5e208c9f1c62675190c704b2630ba3,2075176,318471,130652,3594
aab3238922bcc25a6f606eb525ffdc56,2025-08-04,e21c9823d387a31d9efe452fff60a88f3c4a7e19,2076574,319678,130662,3594
aab3238922bcc25a6f606eb525ffdc56,2025-08-11,59bab34160285a9f38beb8c986d3f9adcfe78baa,2077315,319948,130758,3594
aab3238922bcc25a6f606eb525ffdc56,2025-08-18,22c6a44f01fd751c2ed229be4003f7c26d671933,2077495,319950,130900,3595
aab3238922bcc25a6f606eb525ffdc56,2025-08-25,b830f9d67463f770e7c92ac989112c90c1f28dbf,2077558,319950,130911,3595
aab3238922bcc25a6f606eb525ffdc56,2025-09-01,ea65c882384c36f184bd8a1e8046f93ec0b7576d,2077626,319950,130937,3595
aab3238922bcc25a6f606eb525ffdc56,2025-09-08,f75ff1b141a5ceccfc6292af5e94238c360f89e9,2077663,319950,130940,3595
aab3238922bcc25a6f606eb525ffdc56,2025-09-15,bc476f8b8b64c3f6f4e1c77f4baceda842fe88dc,2077796,319950,130954,3595
aab3238922bcc25a6f606eb525ffdc56,2025-09-22,0be39b4b1a018aa6cea73b0aee4294fb6f57f58d,2077797,319950,130954,3595
aab3238922bcc25a6f606eb525ffdc56,2025-09-29,f46d77377b9a0be25524a6339296c8a892059f2c,2077848,319950,130962,3595
aab3238922bcc25a6f606eb525ffdc56,2025-10-06,b753be38a4a239b7cd4d2c289d8737c955c46f6f,2077867,319950,130971,3595
aab3238922bcc25a6f606eb525ffdc56,2025-10-13,40dc710a61aa5112b98cdd3d4caca51bd148ffb0,2077936,319948,130971,3595
aab3238922bcc25a6f606eb525ffdc56,2025-10-20,d4542415c38ead3c356abbfd476be63b9101ffc0,2078019,319938,130973,3595
aab3238922bcc25a6f606eb525ffdc56,2025-10-27,d26997c71281def407df25e1fc7606f30a084681,2078020,319938,130973,3595
aab3238922bcc25a6f606eb525ffdc56,2025-11-03,06827c5fc882448dcca04b0a1a7ce0aaf2b9c3ba,2079340,321103,131040,3595
aab3238922bcc25a6f606eb525ffdc56,2025-11-10,4c179ccb05062ebf29c2936e67842010d71742d0,2079828,321230,131059,3595
aab3238922bcc25a6f606eb525ffdc56,2025-11-17,035a1f5aca4e68e05c50c630e8a5869b3d94c272,2079869,321230,131069,3595
aab3238922bcc25a6f606eb525ffdc56,2025-11-24,2d5b97b8c6542791604e5422ca5d90b011af70a1,2079943,321236,131105,3595
aab3238922bcc25a6f606eb525ffdc56,2025-12-01,48969555447f17d8dc944e94746769105680e627,2080051,321236,131105,3595
aab3238922bcc25a6f606eb525ffdc56,2025-12-08,d90aa68c96a8c4a888e019b92b9448049cbd0811,2080051,321236,131105,3595
aab3238922bcc25a6f606eb525ffdc56,2025-12-15,3c5c2b018d5e7d9704e451d4d6de733f00ad04e0,2080472,321236,131105,3595
aab3238922bcc25a6f606eb525ffdc56,2025-12-22,ea3524cffa81386aadb7eb8245d05a2ce2f71562,2080492,321236,131111,3595
aab3238922bcc25a6f606eb525ffdc56,2025-12-29,6d52fa33282b982a1193324e600043f3ee4d41eb,2080529,321236,131111,3595
aab3238922bcc25a6f606eb525ffdc56,2026-01-05,5f43df007485d409d8589b7051c064a0fa9c0919,2080567,321238,131111,3595
aab3238922bcc25a6f606eb525ffdc56,2026-01-12,8bbf281916bbae20213c3002dd28b61df0ce5298,2080609,321238,131111,3595
aab3238922bcc25a6f606eb525ffdc56,2026-01-19,6d2fa44d2a612ab73f537ecf5428e527c9223da9,2080649,321253,131111,3595
aab3238922bcc25a6f606eb525ffdc56,2026-01-26,fc84b3977e20bc6ca7db349401d7f8ad02a90d82,2080647,321253,131109,3595
aab3238922bcc25a6f606eb525ffdc56,2026-02-02,e7591254c30258fe5af8ad123dd70d631b653086,2082592,322114,131261,3599
aab3238922bcc25a6f606eb525ffdc56,2026-02-09,14b1fd6176cb9353846deff607e5dfad09eb5b23,2083213,322300,131265,3599
aab3238922bcc25a6f606eb525ffdc56,2026-02-16,f4f0be89f0b82190c22df0d364edf8c9dc196578,2083385,322478,131265,3599
aab3238922bcc25a6f606eb525ffdc56,2026-02-23,e72bde9017c0bbac6e54ebc6cc58cde96855d289,2083451,322479,131265,3600
aab3238922bcc25a6f606eb525ffdc56,2026-03-02,3bf6f22ce151a17ab04a99f70e0cc95b23c6d893,2083952,322483,131735,3604
aab3238922bcc25a6f606eb525ffdc56,2026-03-09,ff78b8fac46e82dcee0d994dab87e4634c7d7d9b,2084020,322485,131742,3604
aab3238922bcc25a6f606eb525ffdc56,2026-03-16,c6f369e585e93f73cec21aff8974a8610572f446,2084036,322485,131747,3604
aab3238922bcc25a6f606eb525ffdc56,2026-03-23,a6d03067ff5d2198caf4805882dcdbe813a55817,2084088,322485,131747,3604
aab3238922bcc25a6f606eb525ffdc56,2026-03-30,9b354cfc55846464d19c695badbe6897d0393988,2084156,322495,131747,3604
aab3238922bcc25a6f606eb525ffdc56,2026-04-06,de32a01e7bb905b455d1a001b011433bd41dfb6a,2084242,322495,131773,3604
aab3238922bcc25a6f606eb525ffdc56,2026-04-13,0a26194683516a766344f0d899f23ae6e183524c,2084312,322496,131839,3604
aab3238922bcc25a6f606eb525ffdc56,2026-04-20,affd929c905270c3cc197749cfefd2d501f04f34,2084750,322498,131983,3604
aab3238922bcc25a6f606eb525ffdc56,2026-04-27,f5d1038d92cf102b30cd4429d10c97b5293f8115,2085037,322503,132009,3606
aab3238922bcc25a6f606eb525ffdc56,2026-05-04,80cfa4c2a869c539dfaf2c83de139292c35b06b9,2086004,323199,132112,3606
aab3238922bcc25a6f606eb525ffdc56,2026-05-11,510a05f07cb5ff86fbbedac848ee5c80b8bbfd83,2087355,323639,132294,3608
aab3238922bcc25a6f606eb525ffdc56,2026-05-18,e18b77153c740122a0eadde39ebfd5899156143e,2087370,323639,132305,3608
aab3238922bcc25a6f606eb525ffdc56,2026-05-25,d616e741fe61838f15d22bf470bca86b786b3554,2087566,323639,132305,3608
aab3238922bcc25a6f606eb525ffdc56,2026-06-01,1eda3eb0753ac6c788c11830e9abc0821f7afd48,2087441,323639,132325,3608
aab3238922bcc25a6f606eb525ffdc56,2026-06-08,b94996ddd70bbabb2c5ce2a3078751b4f4552dad,2087599,323681,132345,3608
aab3238922bcc25a6f606eb525ffdc56,2026-06-15,4b3bc6b714531438cee299648f12e70c5cc38ebb,2087834,323681,132402,3608
aab3238922bcc25a6f606eb525ffdc56,2026-06-22,e520ad34b482cc3a441f10ded0320d42db2625ed,2087842,323682,132402,3608
aab3238922bcc25a6f606eb525ffdc56,2026-06-29,1b17a6e3cd89f76ea5db6260c79db620d5a7793b,2088316,323688,132403,3608
aab3238922bcc25a6f606eb525ffdc56,2026-07-06,5c1004b0d33426f642808133c282c09cdd0a4f86,2088551,323689,132406,3608
aab3238922bcc25a6f606eb525ffdc56,2026-07-13,e4ad22eb02f0c41c8d14977f91ea7a36f8e23e81,2088598,323692,132435,3608
aab3238922bcc25a6f606eb525ffdc56,2026-07-20,2fc3e1b44a4b4bb9b01adced7b040b51dc9606a0,2088618,323699,132435,3608
aab3238922bcc25a6f606eb525ffdc56,2026-07-27,dda622edcdba673e90d7b2cafe747ab78249368b,2089078,323702,132619,3609
aab3238922bcc25a6f606eb525ffdc56,2026-08-03,c0cbc0fa2e12d7c9f8165f43b6271be7588e39e2,2090652,325088,132641,3609
aab3238922bcc25a6f606eb525ffdc56,2026-08-10,a92fbdfb830046e907813e9067b2c9de9708d600,2093325,326201,132815,3609
aab3238922bcc25a6f606eb525ffdc56,2026-08-17,bbe7aca31db0b9e4758bb67a2d42f1bcc05e0c4b,2093491,326196,132844,3609
aab3238922bcc25a6f606eb525ffdc56,2026-08-24,b4c8afdfaf52ce4a5839be6b4d205e696b00a543,2093818,326196,133049,3610
aab3238922bcc25a6f606eb525ffdc56,2026-08-31,03851df1105da45350e6d8db20d099299b27428c,2093842,326196,133061,3610
c74d97b01eae257e44aa9d5bade97baf,2023-09-11,53630f12d39b9c5d98abb7bae4818715306422ed,2137274,311732,152947,3776
c74d97b01eae257e44aa9d5bade97baf,2023-09-18,cc58607b019ad6dd3231e54c597e6c1bc07a8132,2137871,311745,153471,3777
c74d97b01eae257e44aa9d5bade97baf,2023-09-25,5c34a7374c4dff8065096edcae4cd425a54babd6,2138218,311776,153499,3777
c74d97b01eae257e44aa9d5bade97baf,2023-10-02,3ed98ed88a06f368c700d2ce03ff46d6d415dde3,2138228,311776,153499,3777
c74d97b01eae257e44aa9d5bade97baf,2023-10-09,2371432cd6b93415ef99e7ef35598f4f85436163,2138439,311789,153594,3777
c74d97b01eae257e44aa9d5bade97baf,2023-10-16,3b0f20f6ce145b0cd5aefa147a7e425b60601a58,2138930,311871,153630,3777
c74d97b01eae257e44aa9d5bade97baf,2023-10-23,67738dbf9c9232c8dc1892f970a0bf89617058a6,2139023,311857,153748,3777
c74d97b01eae257e44aa9d5bade97baf,2023-10-30,1b4e0265c2642e15fbf3cda91089be059f869e4f,2140576,313156,153749,3778
c74d97b01eae257e44aa9d5bade97baf,2023-11-06,6bf2efb38285626a9de3004dd1c23d9a85453372,2140870,313269,153835,3778
c74d97b01eae257e44aa9d5bade97baf,2023-11-13,ee32b824dcc1c9e7efdc065dd152eed39bd97e13,2141166,313297,153886,3778
c74d97b01eae257e44aa9d5bade97baf,2023-11-20,9033e7019821d9ca9e931e2a70e79b9b401c5f01,2141240,313338,153901,3778
c74d97b01eae257e44aa9d5bade97baf,2023-11-27,148655511888cccf4c09d643d99581a0980aad08,2141330,313340,153952,3778
c74d97b01eae257e44aa9d5bade97baf,2023-12-04,8ca56620caffd6a1761eebd6a9498235321f222b,2141373,313340,153952,3778
c74d97b01eae257e44aa9d5bade97baf,2023-12-11,8b9d39254816195abb55ab204e39f8fa476aad23,2141475,313373,153958,3778
c74d97b01eae257e44aa9d5bade97baf,2023-12-18,11652f919d44f865aa21e85c99fcd070bb36d883,2141588,313373,154066,3778
c74d97b01eae257e44aa9d5bade97baf,2023-12-25,b2c9936a7156926ace70b89ffb9cfbe1e3b9a559,2141771,313461,154066,3780
c74d97b01eae257e44aa9d5bade97baf,2024-01-01,cf6f802bf538ab1c9c0ef60a6e9d6fafdfb06b98,2141803,313461,154075,3780
c74d97b01eae257e44aa9d5bade97baf,2024-01-08,23e0ba59c777b810e42a03ebf36dd9b60031e77c,2142027,313464,154176,3780
c74d97b01eae257e44aa9d5bade97baf,2024-01-15,5b5318c387451e3eb89eddb4574e57a61297102f,2142174,313464,154187,3781
c74d97b01eae257e44aa9d5bade97baf,2024-01-22,f57a580fd280fd1057f9526ca98d63f4805fa17b,2142304,313464,154221,3781
c74d97b01eae257e44aa9d5bade97baf,2024-01-29,272aecfc2f496c90ddcba8e69b0f9b5cf2978ec6,2144205,314959,154299,3781
c74d97b01eae257e44aa9d5bade97baf,2024-02-05,0460e4ecc0fa532468331a4b71ad0fbe8ff1a416,2144403,315011,154334,3782
c74d97b01eae257e44aa9d5bade97baf,2024-02-12,2c7f2eb0c8aa8b2163cc41c1666c71de4267f80c,2144385,314947,154339,3782
c74d97b01eae257e44aa9d5bade97baf,2024-02-19,8c785d354c6139467516ae2592338c99d0788f47,2144618,314964,154398,3784
c74d97b01eae257e44aa9d5bade97baf,2024-02-26,a30a305584b81fd25eb890337ebec53acfbdc96b,2144687,314966,154427,3784
c74d97b01eae257e44aa9d5bade97baf,2024-03-04,6a9e2cb2b457d962bc3952931a05ad7d5b5be252,2144830,314967,154440,3784
c74d97b01eae257e44aa9d5bade97baf,2024-03-11,34c854b93fbec6d7b6dce4ee48c5b7459364a124,2145072,314987,154564,3784
c74d97b01eae257e44aa9d5bade97baf,2024-03-18,d82dc79ba03c783fa41be768c1bf13cb8200a340,2145234,314992,154564,3784
c74d97b01eae257e44aa9d5bade97baf,2024-03-25,ca4c60e05f81c57b4d72da867173fc524c76aa71,2145250,314992,154566,3784
c74d97b01eae257e44aa9d5bade97baf,2024-04-01,a690920015bddc9c20f93d1a828c53ac3c21e489,2145360,314992,154613,3784
c74d97b01eae257e44aa9d5bade97baf,2024-04-08,8cea358b128fea93c8360c9521dcf954775a38ca,2145484,314992,154610,3784
c74d97b01eae257e44aa9d5bade97baf,2024-04-15,9e6faeb3249d420a22ad8a5fbcf093b272c02cb8,2145729,315002,154611,3785
c74d97b01eae257e44aa9d5bade97baf,2024-04-22,b19255ca66f74fe9f8d0372db7d644d0bb4d6ac9,2145781,315003,154613,3785
c74d97b01eae257e44aa9d5bade97baf,2024-04-29,9fc09cc294ff9fcf961758bf4d020c9899c4af13,2147147,316196,154641,3785
c74d97b01eae257e44aa9d5bade97baf,2024-05-06,52ea653aa9d867be70b2d86fe8310dde48507b6a,2147445,316288,154668,3786
c74d97b01eae257e44aa9d5bade97baf,2024-05-13,ce0d1654463e4f6080cfe83df74ed978945608a1,2147606,316298,154705,3786
c74d97b01eae257e44aa9d5bade97baf,2024-05-20,338fb8714c6cfe30c567ecb79812ec3879bd117f,2147664,316298,154743,3786
c74d97b01eae257e44aa9d5bade97baf,2024-05-27,338fb8714c6cfe30c567ecb79812ec3879bd117f,2147664,316298,154743,3786
c74d97b01eae257e44aa9d5bade97baf,2024-06-03,f1f6ded66897efbf2ee520a8213a43251398ddf2,2147836,316303,154761,3786
c74d97b01eae257e44aa9d5bade97baf,2024-06-10,b3255faaa27da3ccc1fca226f70cccefd27b1cea,2147952,316304,154775,3786
c74d97b01eae257e44aa9d5bade97baf,2024-06-17,3c469a939cf1cc95b136653e7c6e27e472dc0472,2147996,316310,154789,3786
c74d97b01eae257e44aa9d5bade97baf,2024-06-24,7857c8dc4481970c27a44a4d1073064ff674b1de,2148348,316310,154907,3787
c74d97b01eae257e44aa9d5bade97baf,2024-07-01,49e29cbe8cbcb6bd4ac6c5dc64b1ad27844c1b5c,2148464,316323,154907,3787
c74d97b01eae257e44aa9d5bade97baf,2024-07-08,8fc4876147fb62825cd27712d25f90a4eebf44fb,2148768,316325,155070,3787
c74d97b01eae257e44aa9d5bade97baf,2024-07-15,13c58ca51883da23e0884dfeedf5e172d5eea80c,2149141,316325,155337,3788
c74d97b01eae257e44aa9d5bade97baf,2024-07-22,6f6b0f193db4f850a94aeabf363bf03bd0642e60,2149206,316342,155350,3788
c74d97b01eae257e44aa9d5bade97baf,2024-07-29,6804dbe255f6f77c6a29abda29355b4eb3c4a86d,2150443,317568,155350,3788
c74d97b01eae257e44aa9d5bade97baf,2024-08-05,9db6650a5a66d75234a155b20e18c8dfd7e9c22b,2150835,317632,155420,3788
c74d97b01eae257e44aa9d5bade97baf,2024-08-12,1553c84960b0fce23f1ea51b7b5f9362af61f253,2150864,317632,155420,3788
c74d97b01eae257e44aa9d5bade97baf,2024-08-19,b39c5272c1d22d80a736647081b60a55a2d9d51e,2150950,317643,155432,3788
c74d97b01eae257e44aa9d5bade97baf,2024-08-26,2015dd5c9024b3be9f712acae7b50dc942e70cda,2151100,317643,155472,3788
c74d97b01eae257e44aa9d5bade97baf,2024-09-02,dd20f950d4a37da3e71684f254fcdf4317b752b5,2151112,317643,155472,3788
c74d97b01eae257e44aa9d5bade97baf,2024-09-09,4c9bf947a9ecccc8fc6f7f531530656c5b99a93c,2151201,317643,155485,3788
c74d97b01eae257e44aa9d5bade97baf,2024-09-16,8e16522163efce0e2d75b6e8c4413be22e637550,2152039,318216,155525,3790
c74d97b01eae257e44aa9d5bade97baf,2024-09-23,4c922821e12e5a7526dac9049a4c8af861375103,2152852,318216,155538,3790
c74d97b01eae257e44aa9d5bade97baf,2024-09-30,5de77b609cbeffcb0b9a570f3848c60bc99ca7fa,2152942,318216,155538,3790
c74d97b01eae257e44aa9d5bade97baf,2024-10-07,64635c8af92dafa94a807331c2f0f0b3d6aff402,2152984,318216,155546,3790
c74d97b01eae257e44aa9d5bade97baf,2024-10-14,1257fea164ee32798f271407974943e7ee23b848,2153062,318216,155560,3790
c74d97b01eae257e44aa9d5bade97baf,2024-10-21,659903f8e792a96a098a593fe2d847755f34545d,2153633,318216,155621,3790
c74d97b01eae257e44aa9d5bade97baf,2024-10-28,f8f9110b4d33821ccb3e67454b3799448e2a325f,2153461,318231,155625,3790
c74d97b01eae257e44aa9d5bade97baf,2024-11-04,f7ca23a6a3a1229ce8bab69558ed64ebdef9f67e,2155234,319614,155684,3792
c74d97b01eae257e44aa9d5bade97baf,2024-11-11,7a0ecaa497d85b0445d2f06abf670ec329b59a5c,2156384,320032,155825,3795
c74d97b01eae257e44aa9d5bade97baf,2024-11-18,4ecb136bfaa72780332c495259d99ffd236da50e,2156418,320034,155825,3795
c74d97b01eae257e44aa9d5bade97baf,2024-11-25,cca34f68c6fa827728f16e563b16d90aa1679ab2,2156703,320034,155867,3795
c74d97b01eae257e44aa9d5bade97baf,2024-12-02,be5db08ed341728bce63361f1cbeeaf2a8c23b29,2156811,320010,155868,3795
c74d97b01eae257e44aa9d5bade97baf,2024-12-09,076b09123078033ebef609c91a9a276ee6e1bcb3,2157028,320010,155875,3796
c74d97b01eae257e44aa9d5bade97baf,2024-12-16,9d8ab2c461d706ca22adf86c057d4f76ca7f6da6,2157099,320010,155888,3796
c74d97b01eae257e44aa9d5bade97baf,2024-12-23,359f31c638eb7ccf0c049c9cd0f717a88b82681a,2157184,320010,155918,3796
c74d97b01eae257e44aa9d5bade97baf,2024-12-30,653729ce0ec1c38b444740637896d6ec706ef13a,2157220,320011,155931,3796
c74d97b01eae257e44aa9d5bade97baf,2025-01-06,116036d811cccacfb9eedb4f6261c9ecddcebcf3,2157266,320011,155936,3796
c74d97b01eae257e44aa9d5bade97baf,2025-01-13,4d72357c40ee0abfa5aa9361683aa08e257418c5,2157366,320011,155951,3796
c74d97b01eae257e44aa9d5bade97baf,2025-01-20,9311fcb8648075782f59d534010352264bf8dc54,2157694,320036,156113,3797
c74d97b01eae257e44aa9d5bade97baf,2025-01-27,f07ebd54a304002c7ae289cddb5666e03f32fcd2,2157786,320036,156113,3797
c74d97b01eae257e44aa9d5bade97baf,2025-02-03,2aa91e3513067e7e76f66a2f2a7f17d82c9a102d,2159120,321337,156113,3797
c74d97b01eae257e44aa9d5bade97baf,2025-02-10,27e48f004a89a191b24c292e0fb9a8b35d92493c,2160644,321537,157142,3799
c74d97b01eae257e44aa9d5bade97baf,2025-02-17,d850a6600cec7cf382f875af229f9df329fbcc30,2160890,321539,157327,3799
c74d97b01eae257e44aa9d5bade97baf,2025-02-24,5c64ece8aaf3249181e1ae0babf56419f577b8d0,2160948,321539,157365,3799
c74d97b01eae257e44aa9d5bade97baf,2025-03-03,a7aa9f21f23ead3e04b073de66fdb56f5eb765a2,2161110,321540,157416,3799
c74d97b01eae257e44aa9d5bade97baf,2025-03-10,0405982c7cbab6e16245df848e9d110bd0284fa0,2161228,321540,157462,3799
c74d97b01eae257e44aa9d5bade97baf,2025-03-17,2f33de3cdbc814bcc4270aafd98880a12d265777,2161263,321537,157462,3799
c74d97b01eae257e44aa9d5bade97baf,2025-03-24,8d4cd3b4a88713bb1083ebee9e6e81bd703f4c3b,2161299,321537,157475,3799
c74d97b01eae257e44aa9d5bade97baf,2025-03-31,00f0bb4eab015ea52bcd84c415c75eb03e880de7,2161578,321541,157495,3799
c74d97b01eae257e44aa9d5bade97baf,2025-04-07,4b65b085aff2796f01aef7df053781ef6ab74752,2161778,321538,157504,3799
c74d97b01eae257e44aa9d5bade97baf,2025-04-14,4664de1826a8b24baa96502121dcfcccbef06e72,2161996,321538,157611,3801
c74d97b01eae257e44aa9d5bade97baf,2025-04-21,9987c94662c25ff84644c7931ef0cdc933d0bb9d,2162069,321535,157688,3801
c74d97b01eae257e44aa9d5bade97baf,2025-04-28,828edfa3d1fea6b85b37ebf35fc60d4fa1b657ae,2163207,322651,157711,3801
c74d97b01eae257e44aa9d5bade97baf,2025-05-05,2dac114e2c3fc584a94c4820e27396567faed050,2163438,322684,157857,3801
c74d97b01eae257e44aa9d5bade97baf,2025-05-12,253cf661c2260886f261dff0e6b8df41781da8fe,2163451,322686,157859,3801
c74d97b01eae257e44aa9d5bade97baf,2025-05-19,e087b5b79452d4df9bca8e64d321d35b763b41c1,2163532,322689,157863,3801
c74d97b01eae257e44aa9d5bade97baf,2025-05-26,ecc8fd2b77635b43c034359c9af52941772ede53,2163913,322692,157931,3801
c74d97b01eae257e44aa9d5bade97baf,2025-06-02,169429264d0638b18e01926977b910ab70457f14,2163949,322691,157931,3801
c74d97b01eae257e44aa9d5bade97baf,2025-06-09,cea8f2c3e44b5fac59a7298c6b9045c5cbb0eaeb,2164032,322691,157931,3801
c74d97b01eae257e44aa9d5bade97baf,2025-06-16,629cc16231683c183c8a024629284aba5a056a28,2164230,322701,157931,3801
c74d97b01eae257e44aa9d5bade97baf,2025-06-23,c15798cf94c452f057c6b8dd38c904bb30a8864d,2164278,322699,157940,3801
c74d97b01eae257e44aa9d5bade97baf,2025-06-30,d24a96ce2cdb9260d71d7a655f95758a077e0e9d,2164480,322725,157947,3801
c74d97b01eae257e44aa9d5bade97baf,2025-07-07,53a936b61f12cd9220340abc1a7843eb003d1abf,2164528,322725,157955,3801
c74d97b01eae257e44aa9d5bade97baf,2025-07-14,2b09054e4d18acf9bb8aee75c1894be05d98c58b,2164597,322757,157961,3801
c74d97b01eae257e44aa9d5bade97baf,2025-07-21,f0cdc2afd15e51f580e53ebd269bd66ec0aaaa79,2164622,322757,157961,3801
c74d97b01eae257e44aa9d5bade97baf,2025-07-28,1d3ded521a0be7f46dde132053d876ec1cad2784,2164985,322762,157983,3802
c74d97b01eae257e44aa9d5bade97baf,2025-08-04,94c067376d5395fff7bf3e7980d11fcd2482b2be,2166614,324194,157994,3802
c74d97b01eae257e44aa9d5bade97baf,2025-08-11,eb13f3d2e05cc03e41058c1cfbe9749a79612cc9,2167370,324463,158094,3802
c74d97b01eae257e44aa9d5bade97baf,2025-08-18,412d29fd21665d0c4e473efbc9636bd0c16d12a8,2167553,324465,158236,3803
c74d97b01eae257e44aa9d5bade97baf,2025-08-25,ec017a305bd4e73a2129e20ea9bbebfcf735ecdc,2167659,324465,158247,3803
c74d97b01eae257e44aa9d5bade97baf,2025-09-01,21a61b87f47b6a1b359021bf9f71b14bbf805330,2167793,324465,158304,3803
c74d97b01eae257e44aa9d5bade97baf,2025-09-08,281ad4ed11d235cccad78fcbf7d807c615e1c0e8,2168052,324465,158360,3803
c74d97b01eae257e44aa9d5bade97baf,2025-09-15,2f4bc5658a1b6ac1e1fda7ce34cb60ecb935b87a,2168212,324465,158391,3803
c74d97b01eae257e44aa9d5bade97baf,2025-09-22,b7f6798c056a0ca96c0f01750f382213b0ad3375,2168226,324465,158391,3803
c74d97b01eae257e44aa9d5bade97baf,2025-09-29,46c4478db421764c5785ddce4f07b34550316ec0,2168276,324465,158399,3803
c74d97b01eae257e44aa9d5bade97baf,2025-10-06,b835759ec7e8357c341f051df91168c04f032025,2168301,324465,158408,3803
c74d97b01eae257e44aa9d5bade97baf,2025-10-13,c865f5b9f090bc1325f5667b11f883a46f5d96dd,2168398,324463,158406,3803
c74d97b01eae257e44aa9d5bade97baf,2025-10-20,a546964db6fbb2e3afdb08940fdd322b957e9447,2168539,324453,158456,3803
c74d97b01eae257e44aa9d5bade97baf,2025-10-27,d5e9c7115027a310ee6c4023c340a9c4adc1f26c,2168521,324453,158456,3803
c74d97b01eae257e44aa9d5bade97baf,2025-11-03,d8655b44e86571b13bb1d567a75a868d72633e30,2170133,325900,158523,3803
c74d97b01eae257e44aa9d5bade97baf,2025-11-10,a1407daded69d7b01a96dde648dc5e2246ddefcc,2170694,326080,158556,3803
c74d97b01eae257e44aa9d5bade97baf,2025-11-17,600acd34b09a7a06c236e503c130ab01c0fb1f5c,2170735,326080,158566,3803
c74d97b01eae257e44aa9d5bade97baf,2025-11-24,4d288e33b957ce5023dd1ec24b53f02c8a9e8ba0,2170817,326094,158602,3803
c74d97b01eae257e44aa9d5bade97baf,2025-12-01,4d689a17693ed65461b2f3a02c24c98f30d930d0,2170925,326094,158602,3803
c74d97b01eae257e44aa9d5bade97baf,2025-12-08,5a4dc4aabd0345a194d27219f2424eb3dd3bf8fb,2171252,326093,158924,3805
c74d97b01eae257e44aa9d5bade97baf,2025-12-15,b1316b78f8a93a077a9db589644103037c0c1aa6,2171668,326093,158902,3805
c74d97b01eae257e44aa9d5bade97baf,2025-12-22,c48829ed8308e9e1767e5ce4d883996348af5b68,2171737,326093,158953,3805
c74d97b01eae257e44aa9d5bade97baf,2025-12-29,5e02f92d9ef2a585acfaddbb55dec9b0341087fd,2171774,326093,158953,3805
c74d97b01eae257e44aa9d5bade97baf,2026-01-05,b95bdde5119d1570b15d66492a39d85ab1366559,2171899,326095,158980,3805
c74d97b01eae257e44aa9d5bade97baf,2026-01-12,d852d105e760672a1c4e9f796fdae1e0585632db,2171953,326106,158980,3805
c74d97b01eae257e44aa9d5bade97baf,2026-01-19,e7391bbf14db94afee1fd3c011314f7b8ee493e9,2172055,326121,158984,3805
c74d97b01eae257e44aa9d5bade97baf,2026-01-26,6548e4a10d1807b04bdb9370b110204821b7506c,2172085,326121,158982,3805
c74d97b01eae257e44aa9d5bade97baf,2026-02-02,4c08960d97e950b00a4f6bf255d5409da98c6032,2174354,327201,159364,3810
c74d97b01eae257e44aa9d5bade97baf,2026-02-09,bdfb372280bc507239a02c0a060f0f51ebd41fa1,2174989,327387,159385,3810
c74d97b01eae257e44aa9d5bade97baf,2026-02-16,8a2740e522064483919e25af92fb658596ea7912,2175209,327581,159411,3810
c74d97b01eae257e44aa9d5bade97baf,2026-02-23,e0fd58a841995fb575f80e78c1d84f1e26beeefa,2175281,327582,159411,3811
c74d97b01eae257e44aa9d5bade97baf,2026-03-02,82935467a0338e0e28acbd357c4c4c7f7aa2aab7,2175797,327586,159889,3815
c74d97b01eae257e44aa9d5bade97baf,2026-03-09,6fab4fa541a74414b27bed9c01f6e618e793c7d1,2175865,327588,159896,3815
c74d97b01eae257e44aa9d5bade97baf,2026-03-16,80785a527b9cf74b16cb5bb65355f94157124bf7,2175883,327588,159901,3815
c74d97b01eae257e44aa9d5bade97baf,2026-03-23,1590723f04c06ff2ff3194b8aaaca569be8b6931,2175949,327588,159901,3815
c74d97b01eae257e44aa9d5bade97baf,2026-03-30,8354cd7ff5752035336f34149f97674c2399d905,2176059,327598,159901,3815
c74d97b01eae257e44aa9d5bade97baf,2026-04-06,c7cdcbd3e6a72f858690ed7e69046cf2cd41fb19,2176162,327598,159935,3815
c74d97b01eae257e44aa9d5bade97baf,2026-04-13,482c5183450aef2374df78a685e5b6c5a829282b,2176285,327599,160054,3816
c74d97b01eae257e44aa9d5bade97baf,2026-04-20,0465c999ec4f337b46d47552b1b007d5d74229db,2176799,327603,160255,3816
c74d97b01eae257e44aa9d5bade97baf,2026-04-27,54537de35873eaa4547ab2aa7168c6a935894643,2177086,327608,160281,3818
c74d97b01eae257e44aa9d5bade97baf,2026-05-04,207ec28a1934b5fe72b102517f0abdc8a7cd4bea,2178302,328553,160384,3818
c74d97b01eae257e44aa9d5bade97baf,2026-05-11,59759e1a5b499294d73d409e0bc3343aafd2973f,2179688,329020,160579,3820
c74d97b01eae257e44aa9d5bade97baf,2026-05-18,e037a4199617a678ebeb68d2ba722c5ed1cfeb6f,2179703,329020,160590,3820
c74d97b01eae257e44aa9d5bade97baf,2026-05-25,e9067809ee722ed18152baed2191eaf92d770b29,2179916,329020,160607,3820
c74d97b01eae257e44aa9d5bade97baf,2026-06-01,830b476d0beae290b7f8d29bee6d13884b287b20,2179804,329020,160627,3820
c74d97b01eae257e44aa9d5bade97baf,2026-06-08,cbca4d3a83d914a079662e45bb861a3bfd2432c2,2180049,329062,160667,3820
c74d97b01eae257e44aa9d5bade97baf,2026-06-15,9951e3d382c6a2f9af1e397c178f5326edd05f35,2180277,329062,160728,3820
c74d97b01eae257e44aa9d5bade97baf,2026-06-22,3854f4afca68c57df1289f0852a9e4481e153100,2180297,329063,160728,3820
c74d97b01eae257e44aa9d5bade97baf,2026-06-29,a69503fb1e26ae95d90fd1b9ddfb57cdf2081a14,2181098,329070,161037,3822
c74d97b01eae257e44aa9d5bade97baf,2026-07-06,0bb484a7ec5cf7d73baaa7d0cf95f086b7188b3d,2181556,329071,161192,3822
c74d97b01eae257e44aa9d5bade97baf,2026-07-13,3e1fe25e686d788a32c926e2aa79bc8d9312841b,2181651,329074,161231,3822
c74d97b01eae257e44aa9d5bade97baf,2026-07-20,e321faaaef54cd1b93186046d4c98b43a59a8f1e,2181676,329081,161231,3822
c74d97b01eae257e44aa9d5bade97baf,2026-07-27,83336e3ed30b0d0b021900429e5bfde8367e2729,2182201,329084,161446,3823
c74d97b01eae257e44aa9d5bade97baf,2026-08-03,9265021cec9169025908e0b9d2ea15dc9e8bf869,2184145,330817,161468,3823
c74d97b01eae257e44aa9d5bade97baf,2026-08-10,bd883165cbc928f33bedcb636eeb52726760893b,2186920,331944,161667,3823
c74d97b01eae257e44aa9d5bade97baf,2026-08-17,4dd227f51d461b6cbbcdc7d5805ec6ef4023a715,2187106,331939,161696,3823
c74d97b01eae257e44aa9d5bade97baf,2026-08-24,5827ddfc27226a948f60b4c08c6aa405e81d5f74,2187492,331939,162021,3824
c74d97b01eae257e44aa9d5bade97baf,2026-08-31,334ee0777f8a24b599867c2a232ee28c64076d6f,2187515,331938,162033,3824
