month_dt,origin,commit_cnt,ai_commit_cnt,cited_thread_cnt
2020-06-01,pgsql-bugs,4,0,0
2020-06-01,unknown_or_internal_not_security,120,0,86
2020-07-01,pgsql-bugs,3,0,0
2020-07-01,unknown_or_internal_not_security,174,0,123
2020-08-01,pgsql-bugs,5,0,0
2020-08-01,unknown_or_internal_not_security,125,0,93
2020-09-01,pgsql-bugs,3,0,0
2020-09-01,unknown_or_internal_not_security,186,0,128
2020-10-01,pgsql-bugs,20,0,16
2020-10-01,pgsql-hackers,76,0,64
2020-10-01,unknown_or_internal_not_security,81,0,56
2020-11-01,pgsql-bugs,16,0,12
2020-11-01,pgsql-hackers,104,0,94
2020-11-01,unknown_or_internal_not_security,87,0,47
2020-12-01,pgsql-bugs,12,0,11
2020-12-01,pgsql-hackers,63,0,55
2020-12-01,unknown_or_internal_not_security,72,0,32
2021-01-01,pgsql-bugs,13,0,11
2021-01-01,pgsql-hackers,117,0,103
2021-01-01,unknown_or_internal_not_security,73,0,49
2021-02-01,pgsql-bugs,11,0,9
2021-02-01,pgsql-hackers,81,0,65
2021-02-01,unknown_or_internal_not_security,59,0,25
2021-03-01,pgsql-bugs,8,0,10
2021-03-01,pgsql-hackers,164,0,134
2021-03-01,unknown_or_internal_not_security,119,0,57
2021-04-01,pgsql-bugs,7,0,6
2021-04-01,pgsql-hackers,173,0,152
2021-04-01,unknown_or_internal_not_security,105,0,42
2021-05-01,pgsql-bugs,16,0,13
2021-05-01,pgsql-hackers,91,0,85
2021-05-01,unknown_or_internal_not_security,63,0,8
2021-06-01,pgsql-bugs,19,0,16
2021-06-01,pgsql-hackers,120,0,111
2021-06-01,unknown_or_internal_not_security,55,0,14
2021-07-01,pgsql-bugs,20,0,16
2021-07-01,pgsql-hackers,132,0,113
2021-07-01,unknown_or_internal_not_security,54,0,23
2021-08-01,pgsql-bugs,13,0,12
2021-08-01,pgsql-hackers,116,0,92
2021-08-01,unknown_or_internal_not_security,46,0,14
2021-09-01,pgsql-bugs,11,0,9
2021-09-01,pgsql-hackers,103,0,84
2021-09-01,unknown_or_internal_not_security,40,0,12
2021-10-01,pgsql-bugs,17,0,19
2021-10-01,pgsql-hackers,96,0,85
2021-10-01,unknown_or_internal_not_security,41,0,17
2021-11-01,pgsql-bugs,16,0,16
2021-11-01,pgsql-hackers,108,0,92
2021-11-01,unknown_or_internal_not_security,43,0,20
2021-11-01,unknown_or_internal_security,2,0,0
2021-12-01,pgsql-bugs,10,0,9
2021-12-01,pgsql-hackers,85,0,66
2021-12-01,unknown_or_internal_not_security,24,0,11
2022-01-01,pgsql-bugs,18,0,17
2022-01-01,pgsql-hackers,128,0,113
2022-01-01,unknown_or_internal_not_security,42,0,18
2022-02-01,pgsql-bugs,15,0,13
2022-02-01,pgsql-hackers,130,0,119
2022-02-01,unknown_or_internal_not_security,37,0,12
2022-03-01,pgsql-bugs,7,0,8
2022-03-01,pgsql-hackers,189,0,154
2022-03-01,unknown_or_internal_not_security,70,0,36
2022-04-01,pgsql-bugs,4,0,5
2022-04-01,pgsql-hackers,179,0,139
2022-04-01,unknown_or_internal_not_security,71,0,16
2022-05-01,pgsql-bugs,11,0,11
2022-05-01,pgsql-hackers,96,0,87
2022-05-01,unknown_or_internal_not_security,40,0,11
2022-05-01,unknown_or_internal_security,2,0,0
2022-06-01,pgsql-bugs,9,0,9
2022-06-01,pgsql-hackers,48,0,41
2022-06-01,unknown_or_internal_not_security,25,0,6
2022-07-01,pgsql-bugs,11,0,7
2022-07-01,pgsql-hackers,219,0,180
2022-07-01,unknown_or_internal_not_security,59,0,16
2022-08-01,pgsql-bugs,17,0,14
2022-08-01,pgsql-hackers,192,0,152
2022-08-01,unknown_or_internal_not_security,59,0,25
2022-08-01,unknown_or_internal_security,1,0,0
2022-09-01,pgsql-bugs,15,0,13
2022-09-01,pgsql-hackers,194,0,164
2022-09-01,unknown_or_internal_not_security,60,0,27
2022-10-01,pgsql-bugs,5,0,4
2022-10-01,pgsql-hackers,130,0,110
2022-10-01,unknown_or_internal_not_security,23,0,15
2022-11-01,pgsql-bugs,11,0,11
2022-11-01,pgsql-hackers,150,0,141
2022-11-01,unknown_or_internal_not_security,39,0,5
2022-12-01,pgsql-bugs,11,0,11
2022-12-01,pgsql-hackers,143,0,116
2022-12-01,unknown_or_internal_not_security,30,0,5
2023-01-01,pgsql-bugs,9,0,8
2023-01-01,pgsql-hackers,173,0,140
2023-01-01,unknown_or_internal_not_security,30,0,10
2023-02-01,pgsql-bugs,20,0,19
2023-02-01,pgsql-hackers,111,0,105
2023-02-01,unknown_or_internal_not_security,31,0,8
2023-02-01,unknown_or_internal_security,1,0,0
2023-03-01,pgsql-bugs,31,0,30
2023-03-01,pgsql-hackers,203,0,170
2023-03-01,unknown_or_internal_not_security,49,0,17
2023-04-01,pgsql-bugs,12,0,12
2023-04-01,pgsql-hackers,176,0,152
2023-04-01,unknown_or_internal_not_security,55,0,23
2023-05-01,pgsql-bugs,10,0,10
2023-05-01,pgsql-hackers,86,0,80
2023-05-01,unknown_or_internal_not_security,48,0,3
2023-05-01,unknown_or_internal_security,3,0,0
2023-06-01,pgsql-bugs,14,0,14
2023-06-01,pgsql-hackers,82,0,70
2023-06-01,unknown_or_internal_not_security,30,0,7
2023-07-01,pgsql-bugs,8,0,6
2023-07-01,pgsql-hackers,141,0,121
2023-07-01,unknown_or_internal_not_security,23,0,12
2023-08-01,pgsql-bugs,6,0,6
2023-08-01,pgsql-hackers,105,0,79
2023-08-01,unknown_or_internal_not_security,30,0,6
2023-08-01,unknown_or_internal_security,2,0,0
2023-09-01,pgsql-bugs,23,0,22
2023-09-01,pgsql-hackers,104,0,91
2023-09-01,unknown_or_internal_not_security,18,0,12
2023-10-01,pgsql-bugs,14,0,13
2023-10-01,pgsql-hackers,153,0,131
2023-10-01,unknown_or_internal_not_security,47,0,28
2023-11-01,pgsql-bugs,17,0,14
2023-11-01,pgsql-hackers,130,0,114
2023-11-01,unknown_or_internal_not_security,56,0,40
2023-11-01,unknown_or_internal_security,4,0,0
2023-12-01,pgsql-bugs,13,0,9
2023-12-01,pgsql-hackers,112,0,94
2023-12-01,unknown_or_internal_not_security,28,0,9
2024-01-01,pgsql-bugs,30,0,29
2024-01-01,pgsql-hackers,166,0,135
2024-01-01,unknown_or_internal_not_security,46,0,12
2024-02-01,pgsql-bugs,14,0,14
2024-02-01,pgsql-hackers,131,0,112
2024-02-01,unknown_or_internal_not_security,31,0,12
2024-02-01,unknown_or_internal_security,2,0,0
2024-03-01,pgsql-bugs,10,0,10
2024-03-01,pgsql-hackers,247,0,210
2024-03-01,unknown_or_internal_not_security,60,0,21
2024-04-01,pgsql-bugs,5,0,5
2024-04-01,pgsql-hackers,246,0,208
2024-04-01,unknown_or_internal_not_security,89,0,36
2024-05-01,pgsql-bugs,11,0,8
2024-05-01,pgsql-hackers,97,0,93
2024-05-01,unknown_or_internal_not_security,48,0,4
2024-05-01,unknown_or_internal_security,1,0,0
2024-06-01,pgsql-bugs,20,0,17
2024-06-01,pgsql-hackers,84,0,69
2024-06-01,unknown_or_internal_not_security,44,0,3
2024-07-01,pgsql-bugs,14,0,13
2024-07-01,pgsql-hackers,238,0,187
2024-07-01,unknown_or_internal_not_security,36,0,21
2024-08-01,pgsql-bugs,14,0,13
2024-08-01,pgsql-hackers,158,0,117
2024-08-01,unknown_or_internal_not_security,38,0,10
2024-08-01,unknown_or_internal_security,1,0,0
2024-09-01,pgsql-bugs,11,0,12
2024-09-01,pgsql-hackers,158,0,131
2024-09-01,unknown_or_internal_not_security,34,0,11
2024-10-01,pgsql-bugs,20,0,20
2024-10-01,pgsql-hackers,180,0,145
2024-10-01,unknown_or_internal_not_security,41,0,10
2024-11-01,pgsql-bugs,20,0,19
2024-11-01,pgsql-hackers,128,0,115
2024-11-01,unknown_or_internal_not_security,48,0,16
2024-11-01,unknown_or_internal_security,7,0,0
2024-12-01,pgsql-bugs,14,0,14
2024-12-01,pgsql-hackers,154,0,118
2024-12-01,unknown_or_internal_not_security,24,0,7
2025-01-01,pgsql-bugs,12,0,9
2025-01-01,pgsql-hackers,180,0,135
2025-01-01,unknown_or_internal_not_security,25,0,4
2025-02-01,pgsql-bugs,6,0,4
2025-02-01,pgsql-hackers,199,0,145
2025-02-01,unknown_or_internal_not_security,36,0,15
2025-02-01,unknown_or_internal_security,7,0,0
2025-03-01,pgsql-bugs,17,0,16
2025-03-01,pgsql-hackers,288,0,227
2025-03-01,unknown_or_internal_not_security,57,0,15
2025-04-01,pgsql-bugs,18,0,18
2025-04-01,pgsql-hackers,205,0,188
2025-04-01,unknown_or_internal_not_security,97,0,21
2025-05-01,pgsql-bugs,12,0,12
2025-05-01,pgsql-hackers,104,0,97
2025-05-01,unknown_or_internal_not_security,27,0,7
2025-05-01,unknown_or_internal_security,2,0,0
2025-06-01,pgsql-bugs,14,0,16
2025-06-01,pgsql-hackers,96,0,85
2025-06-01,unknown_or_internal_not_security,50,0,16
2025-07-01,pgsql-bugs,13,0,12
2025-07-01,pgsql-hackers,176,0,160
2025-07-01,unknown_or_internal_not_security,27,0,17
2025-08-01,pgsql-bugs,12,0,10
2025-08-01,pgsql-hackers,163,0,122
2025-08-01,unknown_or_internal_not_security,21,0,7
2025-08-01,unknown_or_internal_security,3,0,0
2025-09-01,pgsql-bugs,11,0,10
2025-09-01,pgsql-hackers,161,0,133
2025-09-01,unknown_or_internal_not_security,18,0,6
2025-10-01,pgsql-bugs,14,0,14
2025-10-01,pgsql-hackers,201,0,145
2025-10-01,unknown_or_internal_not_security,26,0,8
2025-11-01,pgsql-bugs,12,0,12
2025-11-01,pgsql-hackers,209,0,170
2025-11-01,unknown_or_internal_not_security,37,0,14
2025-11-01,unknown_or_internal_security,2,0,0
2025-12-01,pgsql-bugs,11,0,9
2025-12-01,pgsql-hackers,220,0,170
2025-12-01,unknown_or_internal_not_security,30,0,16
2026-01-01,pgsql-bugs,6,0,6
2026-01-01,pgsql-hackers,211,0,179
2026-01-01,unknown_or_internal_not_security,25,0,10
2026-02-01,pgsql-bugs,9,0,9
2026-02-01,pgsql-hackers,162,0,127
2026-02-01,unknown_or_internal_not_security,14,0,6
2026-02-01,unknown_or_internal_security,12,0,0
2026-03-01,pgsql-bugs,15,0,14
2026-03-01,pgsql-hackers,349,0,257
2026-03-01,unknown_or_internal_not_security,52,0,19
2026-04-01,pgsql-bugs,15,2,14
2026-04-01,pgsql-hackers,283,0,231
2026-04-01,unknown_or_internal_not_security,60,0,19
2026-05-01,pgsql-bugs,8,0,8
2026-05-01,pgsql-hackers,148,0,127
2026-05-01,unknown_or_internal_not_security,23,0,2
2026-05-01,unknown_or_internal_security,23,9,0
2026-06-01,pgsql-bugs,24,0,23
2026-06-01,pgsql-hackers,148,1,133
2026-06-01,unknown_or_internal_not_security,36,0,5
2026-07-01,pgsql-bugs,29,0,26
2026-07-01,pgsql-hackers,251,2,220
2026-07-01,unknown_or_internal_not_security,28,0,18
2026-08-01,pgsql-bugs,31,2,28
2026-08-01,pgsql-hackers,220,6,167
2026-08-01,unknown_or_internal_not_security,32,0,4
2026-08-01,unknown_or_internal_security,33,7,0
2026-09-01,pgsql-bugs,2,0,2
2026-09-01,pgsql-hackers,28,0,27
2026-09-01,unknown_or_internal_not_security,4,0,0
